datetime_utc,dscovr_mag__source,dscovr_mag__range,dscovr_mag__scale,dscovr_mag__sensitivity,dscovr_mag__sample_size,dscovr_mag__bt,dscovr_mag__bx_gse,dscovr_mag__by_gse,dscovr_mag__bz_gse,dscovr_mag__theta_gse,dscovr_mag__phi_gse,dscovr_mag__bx_gsm,dscovr_mag__by_gsm,dscovr_mag__bz_gsm,dscovr_mag__theta_gsm,dscovr_mag__phi_gsm,dscovr_mag__max_telemetry_flag,dscovr_mag__max_data_flag,dscovr_mag__overall_quality,dscovr_plasma__source,dscovr_plasma__proton_speed,dscovr_plasma__proton_temperature,dscovr_plasma__proton_density,dscovr_plasma__proton_vx_gse,dscovr_plasma__proton_vy_gse,dscovr_plasma__proton_vz_gse,dscovr_plasma__proton_vx_gsm,dscovr_plasma__proton_vy_gsm,dscovr_plasma__proton_vz_gsm,dscovr_plasma__proton_sample_size,dscovr_plasma__alpha_speed,dscovr_plasma__alpha_temperature,dscovr_plasma__alpha_density,dscovr_plasma__alpha_vx_gse,dscovr_plasma__alpha_vy_gse,dscovr_plasma__alpha_vz_gse,dscovr_plasma__alpha_vx_gsm,dscovr_plasma__alpha_vy_gsm,dscovr_plasma__alpha_vz_gsm,dscovr_plasma__alpha_sample_size,dscovr_plasma__max_convergence_flag,dscovr_plasma__max_data_flag,dscovr_plasma__max_error_count_flag,dscovr_plasma__max_processing_flag,dscovr_plasma__max_range_flag,dscovr_plasma__max_sample_count_flag,dscovr_plasma__max_telemetry_flag,dscovr_plasma__overall_quality
2026-08-16 00:45:00+00:00,,,,,60.0,3.5866666666666664,-0.9500000000000001,2.9166666666666665,-1.6933333333333334,-28.78,107.05333333333334,-0.9433333333333334,2.5500000000000003,-2.2100000000000004,-38.870000000000005,108.8,0.0,-6666.0,0.0,,338.4266666666667,40249.0,3.53,-336.7,41.2,-13.2,-336.7,38.0,-20.8,1.0,,,,,,,,,,,0.0,0.0,0.0,0.0,0.0,0.0,0.0,0.0
2026-08-16 00:50:00+00:00,,,,,60.0,3.6199999999999997,-0.8426666666666667,2.996,-1.6119999999999999,-26.944666666666667,104.47066666666666,-0.8353333333333334,2.6420000000000003,-2.143333333333333,-37.114000000000004,105.58133333333333,0.0,-6666.0,0.0,,343.62399999999997,47151.73333333333,3.9459999999999997,-336.76,42.68,-13.3,-336.76,39.339999999999996,-21.240000000000002,1.0,,,,,,,,,,,0.0,0.0,0.0,0.0,0.0,0.0,0.0,0.0
2026-08-16 00:55:00+00:00,,,,,60.0,3.6471428571428572,-0.6635714285714285,3.067857142857143,-1.5657142857142856,-25.852857142857143,100.93571428571428,-0.6578571428571428,2.717142857142857,-2.117857142857143,-36.214285714285715,101.49571428571429,0.0,-6427.928571428572,0.0,,342.96500000000003,46035.92857142857,3.98,-337.12,42.559999999999995,-13.14,-337.12,39.239999999999995,-21.119999999999997,1.0,,,,,,,,,,,0.0,0.0,0.0,0.0,0.0,0.0,0.0,0.0
2026-08-16 01:00:00+00:00,,,,,60.0,3.3023076923076924,-0.5923076923076922,2.7430769230769227,-1.3853846153846154,-25.23923076923077,95.95384615384616,-0.5876923076923076,2.426923076923077,-1.886153846153846,-35.31307692307692,96.10923076923078,0.0,-6153.2307692307695,0.0,,341.74733333333336,48354.46666666667,3.7766666666666664,-335.06,36.72,-17.080000000000002,-335.06,32.68,-23.919999999999998,1.0,,,,,,,,,,,0.0,0.0,0.0,0.0,0.0,0.0,0.0,0.0
2026-08-16 01:05:00+00:00,,,,,60.0,2.326,-0.478,1.928,-0.5213333333333333,-13.610666666666667,92.96333333333334,-0.4713333333333333,1.7986666666666666,-0.8753333333333333,-22.931333333333335,92.104,0.0,-6666.0,0.0,,341.4353333333333,50597.86666666667,4.708666666666667,-335.02,31.24,-20.44,-335.02,26.639999999999997,-26.22,1.0,,,,,,,,,,,0.0,0.0,0.0,0.0,0.0,0.0,0.0,0.0
2026-08-16 01:10:00+00:00,,,,,60.0,2.0957142857142856,-0.1992857142857143,1.6664285714285714,-0.6214285714285713,-17.86,83.2757142857143,-0.19357142857142856,1.5192857142857144,-0.9321428571428572,-26.877142857142854,82.14999999999999,0.0,-6427.928571428572,0.0,,342.65933333333334,49356.73333333333,4.8886666666666665,-335.38,33.32,-20.18,-335.38,28.619999999999997,-26.4,1.0,,,,,,,,,,,0.0,0.0,0.0,0.0,0.0,0.0,0.0,0.0
2026-08-16 01:15:00+00:00,,,,,60.0,2.4527272727272726,0.46636363636363637,2.055454545454545,-0.030000000000000016,-0.15818181818181773,75.14181818181818,0.4681818181818182,2.0172727272727276,-0.4436363636363636,-10.336363636363636,74.64636363636363,0.0,-5454.0,0.0,,342.7066666666667,48212.26666666667,4.691333333333334,-335.21999999999997,35.64,-20.32,-335.21999999999997,30.82,-27.080000000000002,1.0,,,,,,,,,,,0.0,0.0,0.0,0.0,0.0,0.0,0.0,0.0
2026-08-16 01:20:00+00:00,,,,,60.0,2.8506666666666667,-0.11866666666666666,2.25,-0.6446666666666666,-12.724666666666668,88.07,-0.11199999999999997,2.0846666666666667,-1.0733333333333335,-22.459999999999997,88.59133333333332,0.0,-6666.0,0.0,,341.76866666666666,45213.26666666667,4.724,-335.8,34.72,-19.78,-335.8,29.98,-26.419999999999998,1.0,,,,,,,,,,,0.0,0.0,0.0,0.0,0.0,0.0,0.0,0.0
2026-08-16 01:25:00+00:00,,,,,60.0,2.6357142857142857,-0.03142857142857142,1.1028571428571428,-1.2957142857142858,-36.19642857142857,140.5092857142857,-0.02642857142857143,0.8157142857142857,-1.4914285714285713,-40.417857142857144,200.40642857142856,0.0,-6427.928571428572,0.0,,342.42857142857144,48067.5,5.159999999999999,-336.7,36.94,-21.84,-336.7,31.639999999999997,-28.96,1.0,,,,,,,,,,,0.0,0.0,0.0,0.0,0.0,0.0,0.0,0.0
2026-08-16 01:30:00+00:00,,,,,60.0,2.7114285714285713,0.12142857142857137,1.3042857142857145,-1.2614285714285713,-32.525,71.74642857142858,0.12499999999999997,1.0192857142857144,-1.4957142857142858,-39.207142857142856,142.18714285714285,0.0,-6427.928571428572,0.0,,341.866,43998.933333333334,4.796,-337.04,37.54,-24.240000000000002,-337.04,31.639999999999997,-31.5,1.0,,,,,,,,,,,0.0,0.0,0.0,0.0,0.0,0.0,0.0,0.0
2026-08-16 01:35:00+00:00,,,,,60.0,2.747333333333333,0.14066666666666666,1.024,-1.2406666666666666,-34.02066666666666,61.81333333333334,0.1453333333333333,0.7453333333333333,-1.418,-38.00333333333333,184.466,0.0,-6666.0,0.0,,341.3706666666667,44605.13333333333,4.691333333333334,-335.3,35.8,-22.619999999999997,-335.3,30.24,-29.619999999999997,1.0,,,,,,,,,,,0.0,0.0,0.0,0.0,0.0,0.0,0.0,0.0
2026-08-16 01:40:00+00:00,,,,,60.0,2.4914285714285715,0.6699999999999999,0.6114285714285714,-1.6664285714285714,-43.73428571428571,53.419285714285714,0.6728571428571428,0.24499999999999997,-1.7514285714285713,-46.22714285714285,248.66785714285714,0.0,-6427.928571428572,0.0,,344.01933333333335,45301.0,4.724,-335.38,35.2,-22.02,-335.38,29.76,-29.0,1.0,,,,,,,,,,,0.0,0.0,0.0,0.0,0.0,0.0,0.0,0.0
2026-08-16 01:45:00+00:00,,,,,60.0,2.5708333333333333,0.595,0.5041666666666667,-2.0216666666666665,-55.80666666666667,190.835,0.5975,0.0591666666666667,-2.0766666666666667,-56.818333333333335,244.5325,0.0,-5832.75,0.0,,343.3186666666667,44277.46666666667,4.462666666666666,-335.08000000000004,31.8,-20.619999999999997,-335.08000000000004,26.639999999999997,-26.98,1.0,,,,,,,,,,,0.0,0.0,0.0,0.0,0.0,0.0,0.0,0.0
2026-08-16 01:50:00+00:00,,,,,60.0,2.6893333333333334,0.10799999999999997,0.8246666666666668,-1.6833333333333333,-45.95666666666667,131.848,0.11333333333333331,0.444,-1.814,-49.068666666666665,252.4006666666667,0.0,-6666.0,0.0,,340.9886666666667,45692.933333333334,4.596,-333.12,34.660000000000004,-19.32,-333.12,29.660000000000004,-26.4,1.0,,,,,,,,,,,0.0,0.0,0.0,0.0,0.0,0.0,0.0,0.0
2026-08-16 01:55:00+00:00,,,,,60.0,2.5107142857142857,0.13357142857142856,0.6135714285714285,-2.060714285714286,-63.76642857142857,67.31142857142858,0.13714285714285715,0.15071428571428572,-2.137857142857143,-64.53214285714286,244.15,0.0,-6427.928571428572,0.0,,341.57800000000003,42496.666666666664,4.908,-331.71999999999997,34.239999999999995,-19.919999999999998,-331.71999999999997,29.04,-26.939999999999998,1.0,,,,,,,,,,,0.0,0.0,0.0,0.0,0.0,0.0,0.0,0.0
2026-08-16 02:00:00+00:00,,,,,60.0,2.666,1.006,0.18333333333333332,-2.1593333333333335,-59.047333333333334,93.92800000000001,1.0073333333333332,-0.3,-2.1453333333333333,-56.221333333333334,204.26133333333334,0.0,-6666.0,0.0,,338.794,42388.86666666667,4.641333333333334,-331.54,33.86,-20.54,-331.54,28.439999999999998,-27.560000000000002,1.0,,,,,,,,,,,0.0,0.0,0.0,0.0,0.0,0.0,0.0,0.0
2026-08-16 02:05:00+00:00,,,,,60.0,2.7640000000000002,1.5266666666666666,0.4033333333333333,-1.9286666666666668,-47.098,128.446,1.5293333333333332,-0.040000000000000015,-1.964,-46.720666666666666,227.858,0.0,-6666.0,0.0,,340.29266666666666,46734.6,4.271333333333334,-332.78000000000003,32.96,-22.759999999999998,-332.78000000000003,27.02,-29.6,1.0,,,,,,,,,,,0.0,0.0,0.0,0.0,0.0,0.0,0.0,0.0
2026-08-16 02:10:00+00:00,,,,,60.0,3.143333333333333,1.7544444444444443,0.6988888888888889,-2.216666666666667,-47.69555555555556,78.27555555555556,1.758888888888889,0.17777777777777776,-2.3144444444444447,-48.98111111111111,198.39777777777778,0.0,-9999.0,0.0,,342.956,48064.5,2.3449999999999998,-333.1,32.1,-24.48,-333.1,25.68,-31.139999999999997,1.0,,,,,,,,,,,0.0,0.0,0.0,0.0,0.0,0.0,0.0,0.0
2026-08-16 02:15:00+00:00,,,,,60.0,2.9387499999999998,1.48625,0.535,-2.2925,-55.035000000000004,48.95,1.48875,-0.0037500000000000033,-2.35,-58.06875,163.80625,0.0,-9999.0,0.0,,339.562,44904.0,2.193,-330.94,30.3,-19.8,-330.94,24.96,-26.22,1.0,,,,,,,,,,,0.0,0.0,0.0,0.0,0.0,0.0,0.0,0.0
2026-08-16 02:20:00+00:00,,,,,60.0,3.0620000000000003,2.109,0.376,-2.085,-44.653,31.534000000000002,2.1100000000000003,-0.11699999999999999,-2.112,-45.016,174.509,0.0,-9999.0,0.0,,338.329,44985.6,2.336,-331.08000000000004,32.739999999999995,-18.759999999999998,-331.08000000000004,27.46,-25.880000000000003,1.0,,,,,,,,,,,0.0,0.0,0.0,0.0,0.0,0.0,0.0,0.0
2026-08-16 02:25:00+00:00,,,,,60.0,3.152,2.049,0.454,-2.1870000000000003,-46.621,11.818999999999999,2.0509999999999997,-0.074,-2.227,-47.192,174.074,0.0,-9999.0,0.0,,339.918,45712.4,2.287,-330.96,32.9,-20.54,-330.96,27.160000000000004,-27.72,1.0,,,,,,,,,,,0.0,0.0,0.0,0.0,0.0,0.0,0.0,0.0
2026-08-16 02:30:00+00:00,,,,,60.0,3.069,2.2199999999999998,0.45899999999999996,-1.948,-40.664,12.174,2.222,-0.022,-1.998,-41.931,213.44099999999997,0.0,-9999.0,0.0,,339.70799999999997,45286.8,2.1550000000000002,-332.32,31.839999999999996,-19.36,-332.32,26.32,-26.4,1.0,,,,,,,,,,,0.0,0.0,0.0,0.0,0.0,0.0,0.0,0.0
2026-08-16 02:35:00+00:00,,,,,60.0,3.2939999999999996,2.73,0.316,-1.6920000000000002,-31.349,69.221,2.73,-0.10700000000000001,-1.718,-31.981,125.825,0.0,-9999.0,0.0,,341.887,48118.1,2.182,-333.48,33.18,-18.6,-333.48,27.74,-26.060000000000002,1.0,,,,,,,,,,,0.0,0.0,0.0,0.0,0.0,0.0,0.0,0.0
2026-08-16 02:40:00+00:00,,,,,60.0,3.6488888888888886,2.9333333333333336,-0.025555555555555554,-1.9655555555555557,-32.986666666666665,123.29555555555557,2.9333333333333336,-0.51,-1.8977777777777776,-32.11222222222222,258.68111111111114,0.0,-9999.0,0.0,,342.754,46221.7,2.138,-336.78000000000003,36.44,-18.72,-336.78000000000003,30.76,-27.02,1.0,,,,,,,,,,,0.0,0.0,0.0,0.0,0.0,0.0,0.0,0.0
2026-08-16 02:45:00+00:00,,,,,60.0,3.283,1.83,1.134,-1.284,-24.0,143.858,1.8310000000000002,0.779,-1.528,-29.21,180.249,0.0,-9999.0,0.0,,346.223,46932.3,2.245,-341.46,37.18,-22.48,-341.46,30.5,-30.96,1.0,,,,,,,,,,,0.0,0.0,0.0,0.0,0.0,0.0,0.0,0.0
2026-08-16 02:50:00+00:00,,,,,60.0,3.2,0.74,0.9789999999999999,-0.655,-11.926,219.794,0.736,0.778,-0.884,-15.401,219.333,0.0,-9999.0,0.0,,342.37199999999996,48096.0,2.007,-333.91999999999996,29.1,-21.02,-333.91999999999996,22.919999999999998,-27.639999999999997,1.0,,,,,,,,,,,0.0,0.0,0.0,0.0,0.0,0.0,0.0,0.0
2026-08-16 02:55:00+00:00,,,,,60.0,3.073,1.377,0.75,-1.416,-28.238999999999997,206.359,1.375,0.36700000000000005,-1.573,-31.055,216.916,0.0,-9999.0,0.0,,345.29699999999997,54217.8,2.3630000000000004,-342.6,39.86,-22.86,-342.6,32.82,-32.160000000000004,1.0,,,,,,,,,,,0.0,0.0,0.0,0.0,0.0,0.0,0.0,0.0
2026-08-16 03:00:00+00:00,,,,,60.0,3.1239999999999997,2.247,0.11500000000000002,-1.858,-36.543,184.068,2.243,-0.368,-1.83,-36.291000000000004,173.279,0.0,-9999.0,0.0,,343.759,49217.4,2.424,-342.4,32.739999999999995,-26.5,-342.4,24.880000000000003,-34.0,1.0,,,,,,,,,,,0.0,0.0,0.0,0.0,0.0,0.0,0.0,0.0
2026-08-16 03:05:00+00:00,,,,,60.0,3.275,1.815,0.44399999999999995,-1.517,-27.326,196.893,1.81,0.031000000000000007,-1.582,-29.592000000000002,191.52,0.0,-9999.0,0.0,,344.13666666666666,50470.22222222222,2.4177777777777774,-336.95,31.075,-23.1,-336.95,24.05,-30.375,1.0,,,,,,,,,,,0.0,0.0,0.0,0.0,0.0,0.0,0.0,0.0
2026-08-16 03:10:00+00:00,,,,,60.0,3.2788888888888885,1.2666666666666666,1.2066666666666666,-2.143333333333333,-40.06444444444445,191.21444444444444,1.2633333333333332,0.6011111111111112,-2.3866666666666667,-45.095555555555556,183.51444444444442,0.0,-9999.0,0.0,,344.435,51667.1,2.158,-333.38,33.980000000000004,-17.68,-333.38,28.160000000000004,-25.939999999999998,1.0,,,,,,,,,,,0.0,0.0,0.0,0.0,0.0,0.0,0.0,0.0
2026-08-16 03:15:00+00:00,,,,,60.0,3.8533333333333335,-0.7922222222222222,2.538888888888889,-1.7011111111111112,-27.26888888888889,102.80111111111111,-0.7855555555555555,2.0077777777777777,-2.31,-39.73555555555556,99.5611111111111,0.0,-9999.0,0.0,,343.729,48629.6,2.343,-334.14,33.760000000000005,-18.68,-334.14,27.639999999999997,-26.919999999999998,1.0,,,,,,,,,,,0.0,0.0,0.0,0.0,0.0,0.0,0.0,0.0
2026-08-16 03:20:00+00:00,,,,,60.0,4.046,-1.242,2.785,-1.5470000000000002,-24.494,107.64000000000001,-1.232,2.279,-2.2350000000000003,-36.985,105.667,0.0,-9999.0,0.0,,336.683,54710.8,2.2600000000000002,-332.28,31.2,-15.280000000000001,-332.28,25.96,-23.06,1.0,,,,,,,,,,,0.0,0.0,0.0,0.0,0.0,0.0,0.0,0.0
2026-08-16 03:25:00+00:00,,,,,60.0,3.5533333333333332,-0.10888888888888894,2.2066666666666666,-2.1822222222222223,-39.45666666666667,81.20666666666666,-0.10333333333333337,1.5377777777777777,-2.6955555555555555,-50.93888888888889,157.5677777777778,0.0,-9999.0,0.0,,341.71999999999997,54749.4,2.244,-332.14,34.839999999999996,-16.94,-332.14,28.96,-25.74,1.0,,,,,,,,,,,0.0,0.0,0.0,0.0,0.0,0.0,0.0,0.0
2026-08-16 03:30:00+00:00,,,,,60.0,3.5785714285714287,0.6757142857142858,2.042857142857143,-2.5614285714285714,-44.96714285714285,65.79285714285714,0.6771428571428572,1.26,-3.0228571428571427,-56.962857142857146,60.582857142857144,0.0,-9999.0,0.0,,342.59900000000005,45119.6,2.0300000000000002,-331.18,34.3,-17.3,-331.18,28.24,-26.02,1.0,,,,,,,,,,,0.0,0.0,0.0,0.0,0.0,0.0,0.0,0.0
2026-08-16 03:35:00+00:00,,,,,60.0,3.3939999999999997,0.489,2.011,-2.518,-48.089999999999996,70.035,0.49400000000000005,1.2349999999999999,-2.976,-60.818999999999996,63.217999999999996,0.0,-9999.0,0.0,,343.45099999999996,50323.8,2.1990000000000003,-329.46,33.519999999999996,-16.880000000000003,-329.46,27.52,-25.52,1.0,,,,,,,,,,,0.0,0.0,0.0,0.0,0.0,0.0,0.0,0.0
2026-08-16 03:40:00+00:00,,,,,60.0,3.83,-0.28777777777777774,2.951111111111111,-2.3444444444444446,-37.70111111111111,95.37444444444445,-0.27666666666666667,2.18,-3.072222222222222,-53.73777777777778,96.57222222222222,0.0,-9999.0,0.0,,338.31100000000004,45217.7,2.1879999999999997,-328.78000000000003,32.92,-17.259999999999998,-328.78000000000003,26.74,-25.82,1.0,,,,,,,,,,,0.0,0.0,0.0,0.0,0.0,0.0,0.0,0.0
2026-08-16 03:45:00+00:00,,,,,60.0,4.121111111111111,-0.01333333333333332,2.981111111111111,-2.731111111111111,-41.60444444444445,90.11111111111111,-0.004444444444444436,2.088888888888889,-3.4633333333333334,-57.43,89.24,0.0,-9999.0,0.0,,339.165,45794.6,1.987,-330.12,33.54,-18.080000000000002,-330.12,27.02,-26.839999999999996,1.0,,,,,,,,,,,0.0,0.0,0.0,0.0,0.0,0.0,0.0,0.0
2026-08-16 03:50:00+00:00,,,,,60.0,4.268,-0.07400000000000001,3.224,-2.637,-38.261,90.77799999999999,-0.064,2.34,-3.446,-54.181,89.845,0.0,-9999.0,0.0,,338.793,47527.8,2.099,-331.3,33.760000000000005,-17.08,-331.3,27.4,-26.04,1.0,,,,,,,,,,,0.0,0.0,0.0,0.0,0.0,0.0,0.0,0.0
2026-08-16 03:55:00+00:00,,,,,60.0,4.423333333333334,0.1433333333333333,2.856666666666667,-3.121111111111111,-45.282222222222224,84.6511111111111,0.15222222222222218,1.8355555555555556,-3.8133333333333335,-60.12111111111111,78.86666666666666,0.0,-9999.0,0.0,,337.1975,49173.0,2.08375,-331.15999999999997,34.339999999999996,-17.98,-331.15999999999997,27.660000000000004,-27.160000000000004,1.0,,,,,,,,,,,0.0,0.0,0.0,0.0,0.0,0.0,0.0,0.0
2026-08-16 04:00:00+00:00,,,,,60.0,4.527777777777778,-0.04333333333333335,2.8311111111111114,-3.3433333333333333,-47.75333333333333,89.29333333333334,-0.03444444444444447,1.732222222222222,-4.025555555555555,-63.14444444444444,86.18,0.0,-9999.0,0.0,,337.69777777777773,50473.77777777778,1.9733333333333336,-331.34000000000003,32.660000000000004,-18.5,-331.34000000000003,25.78,-27.28,1.0,,,,,,,,,,,0.0,0.0,0.0,0.0,0.0,0.0,0.0,0.0
2026-08-16 04:05:00+00:00,,,,,60.0,4.525,-0.027000000000000003,2.878,-3.41,-48.904,90.519,-0.017999999999999995,1.7429999999999999,-4.111,-65.318,89.86,0.0,-9999.0,0.0,,336.51599999999996,45803.5,1.8670000000000002,-331.3,31.82,-18.9,-331.3,24.82,-27.5,1.0,,,,,,,,,,,0.0,0.0,0.0,0.0,0.0,0.0,0.0,0.0
2026-08-16 04:10:00+00:00,,,,,60.0,4.588888888888889,-0.25,2.7244444444444444,-3.585555555555556,-51.388888888888886,95.45666666666666,-0.24333333333333337,1.5277777777777777,-4.236666666666667,-67.44999999999999,98.0488888888889,0.0,-9999.0,0.0,,337.61777777777775,47061.22222222222,1.8511111111111112,-330.6,29.660000000000004,-19.78,-330.6,22.36,-27.78,1.0,,,,,,,,,,,0.0,0.0,0.0,0.0,0.0,0.0,0.0,0.0
2026-08-16 04:15:00+00:00,,,,,60.0,4.641111111111111,-0.10333333333333333,2.6500000000000004,-3.7122222222222216,-53.47555555555556,94.18777777777778,-0.09666666666666665,1.402222222222222,-4.342222222222222,-69.69777777777777,98.96,0.0,-9999.0,0.0,,338.637,47660.8,1.884,-330.91999999999996,29.74,-19.28,-330.91999999999996,22.479999999999997,-27.380000000000003,1.0,,,,,,,,,,,0.0,0.0,0.0,0.0,0.0,0.0,0.0,0.0
2026-08-16 04:20:00+00:00,,,,,60.0,4.643,-0.03500000000000002,2.983,-3.496,-48.867000000000004,91.056,-0.026000000000000006,1.768,-4.243,-66.082,91.432,0.0,-9999.0,0.0,,337.131,46457.2,1.8989999999999998,-330.06,31.04,-19.3,-330.06,23.6,-27.880000000000003,1.0,,,,,,,,,,,0.0,0.0,0.0,0.0,0.0,0.0,0.0,0.0
2026-08-16 04:25:00+00:00,,,,,60.0,4.631,0.091,3.3770000000000002,-3.131,-42.575,88.505,0.101,2.2399999999999998,-4.025,-60.416,87.349,0.0,-9999.0,0.0,,337.867,44394.7,1.825,-330.12,28.860000000000003,-19.1,-330.12,21.5,-27.1,1.0,,,,,,,,,,,0.0,0.0,0.0,0.0,0.0,0.0,0.0,0.0
2026-08-16 04:30:00+00:00,,,,,60.0,4.721,0.008000000000000007,3.109,-3.4560000000000004,-47.29,88.812,0.018000000000000006,1.871,-4.259,-64.98400000000001,85.53999999999999,0.0,-9999.0,0.0,,336.56,41340.9,1.762,-329.68,25.82,-21.880000000000003,-329.68,17.7,-28.880000000000003,1.0,,,,,,,,,,,0.0,0.0,0.0,0.0,0.0,0.0,0.0,0.0
2026-08-16 04:35:00+00:00,,,,,60.0,4.746,0.003999999999999981,3.021,-3.446,-47.2,86.768,0.01399999999999999,1.7719999999999998,-4.225,-63.794000000000004,79.559,0.0,-9999.0,0.0,,335.479,46486.2,1.8509999999999998,-329.54,27.82,-14.62,-329.54,21.759999999999998,-22.68,1.0,,,,,,,,,,,0.0,0.0,0.0,0.0,0.0,0.0,0.0,0.0
2026-08-16 04:40:00+00:00,,,,,60.0,4.944444444444445,0.5399999999999999,2.781111111111111,-3.8655555555555554,-51.70333333333333,76.67,0.55,1.3966666666666665,-4.554444444444445,-67.35444444444444,62.17111111111111,0.0,-9999.0,0.0,,335.912,45447.5,1.862,-330.62,29.060000000000002,-17.060000000000002,-330.62,22.14,-25.46,1.0,,,,,,,,,,,0.0,0.0,0.0,0.0,0.0,0.0,0.0,0.0
2026-08-16 04:45:00+00:00,,,,,60.0,5.078571428571428,0.9128571428571428,2.834285714285714,-3.9614285714285713,-51.34428571428572,71.14142857142858,0.9185714285714285,1.4000000000000001,-4.668571428571428,-66.93714285714286,55.097142857142856,0.0,-9999.0,0.0,,333.78875,46067.375,1.88625,-328.2,28.439999999999998,-16.520000000000003,-328.2,21.56,-24.82,1.0,,,,,,,,,,,0.0,0.0,0.0,0.0,0.0,0.0,0.0,0.0
2026-08-16 04:50:00+00:00,,,,,60.0,4.981,0.286,2.9379999999999997,-3.7840000000000003,-49.414,84.542,0.296,1.54,-4.539,-65.791,79.56700000000001,0.0,-9999.0,0.0,,335.125,48278.9,1.923,-327.65999999999997,30.02,-16.119999999999997,-327.65999999999997,23.14,-25.02,1.0,,,,,,,,,,,0.0,0.0,0.0,0.0,0.0,0.0,0.0,0.0
2026-08-16 04:55:00+00:00,,,,,60.0,5.0311111111111115,-0.04777777777777777,3.9066666666666663,-2.6644444444444444,-32.245555555555555,91.18333333333334,-0.03888888888888886,2.81,-3.8077777777777775,-49.79,90.85666666666667,0.0,-9999.0,0.0,,333.16700000000003,48883.1,2.162,-325.71999999999997,25.48,-15.8,-325.71999999999997,18.82,-23.32,1.0,,,,,,,,,,,0.0,0.0,0.0,0.0,0.0,0.0,0.0,0.0
2026-08-16 05:00:00+00:00,,,,,60.0,4.832,-0.682,4.132,-2.1710000000000003,-27.003999999999998,99.956,-0.67,3.17,-3.4299999999999997,-45.911,103.7,0.0,-9999.0,0.0,,338.21799999999996,53160.1,1.982,-333.02,34.7,-23.72,-333.02,24.82,-33.92,1.0,,,,,,,,,,,0.0,0.0,0.0,0.0,0.0,0.0,0.0,0.0
2026-08-16 05:05:00+00:00,,,,,60.0,4.965999999999999,-0.772,4.18,-2.326,-28.197999999999997,101.021,-0.76,3.152,-3.6060000000000003,-47.108,105.165,0.0,-9999.0,0.0,,336.773,50585.3,2.148,-332.58000000000004,35.6,-25.080000000000002,-332.58000000000004,25.119999999999997,-35.6,1.0,,,,,,,,,,,0.0,0.0,0.0,0.0,0.0,0.0,0.0,0.0
2026-08-16 05:10:00+00:00,,,,,60.0,4.962999999999999,-0.49400000000000005,4.232,-2.1550000000000002,-26.307,96.892,-0.483,3.242,-3.471,-46.013999999999996,99.697,0.0,-9999.0,0.0,,337.098,49256.7,2.0140000000000002,-331.15999999999997,35.1,-24.72,-331.15999999999997,24.6,-35.160000000000004,1.0,,,,,,,,,,,0.0,0.0,0.0,0.0,0.0,0.0,0.0,0.0
2026-08-16 05:15:00+00:00,,,,,60.0,5.031666666666666,-1.2433333333333334,4.150833333333334,-2.2583333333333333,-26.6925,106.96166666666666,-1.2333333333333334,3.1183333333333336,-3.549166666666667,-45.33583333333333,113.02666666666666,0.0,-8332.5,0.0,,340.36545454545455,50443.36363636364,2.5072727272727273,-333.04,37.42,-23.86,-333.04,26.98,-35.260000000000005,1.0,,,,,,,,,,,0.0,0.0,0.0,0.0,0.0,0.0,0.0,0.0
2026-08-16 05:20:00+00:00,,,,,60.0,5.050666666666667,-1.488,4.354,-1.0873333333333333,-13.410666666666666,109.61133333333333,-1.4766666666666666,3.7046666666666668,-2.5386666666666664,-31.682666666666666,114.252,0.0,-6666.0,0.0,,338.4992857142857,47261.71428571428,3.912857142857143,-334.08000000000004,38.4,-24.64,-334.08000000000004,27.54,-36.4,1.0,,,,,,,,,,,0.0,0.0,0.0,0.0,0.0,0.0,0.0,0.0
2026-08-16 05:25:00+00:00,,,,,60.0,4.913571428571429,-0.975,4.741428571428571,0.009285714285714284,-0.2449999999999999,101.74857142857142,-0.965,4.444285714285714,-1.657857142857143,-20.20785714285714,102.48642857142856,0.0,-6427.928571428572,0.0,,339.24399999999997,43111.46666666667,4.0713333333333335,-334.9,35.019999999999996,-24.68,-334.9,24.2,-35.38,1.0,,,,,,,,,,,0.0,0.0,0.0,0.0,0.0,0.0,0.0,0.0
2026-08-16 05:30:00+00:00,,,,,60.0,4.798181818181818,-0.9836363636363636,4.659090909090909,0.023636363636363632,0.20909090909090916,101.74727272727273,-0.9809090909090908,4.367272727272727,-1.6227272727272728,-19.913636363636364,102.36818181818181,0.0,-5454.0,0.0,,339.37333333333333,47045.2,4.086,-334.82,35.42,-24.580000000000002,-334.82,24.5,-35.480000000000004,1.0,,,,,,,,,,,0.0,0.0,0.0,0.0,0.0,0.0,0.0,0.0
2026-08-16 05:35:00+00:00,,,,,60.0,4.808666666666666,-1.0933333333333333,4.614000000000001,-0.3373333333333334,-4.114,103.07600000000001,-1.0833333333333333,4.189333333333334,-1.964,-24.334666666666667,104.14066666666666,0.0,-6666.0,0.0,,339.3293333333333,44373.13333333333,3.8766666666666665,-335.64,35.58,-25.939999999999998,-335.64,24.04,-36.94,1.0,,,,,,,,,,,0.0,0.0,0.0,0.0,0.0,0.0,0.0,0.0
2026-08-16 05:40:00+00:00,,,,,60.0,4.804285714285714,-0.9757142857142858,4.631428571428572,-0.07285714285714286,-0.9342857142857143,101.66857142857143,-0.9671428571428571,4.298571428571429,-1.737142857142857,-21.335,102.25142857142858,0.0,-6427.928571428572,0.0,,337.18933333333337,44247.666666666664,3.753333333333333,-333.52,29.3,-27.2,-333.52,17.6,-35.9,1.0,,,,,,,,,,,0.0,0.0,0.0,0.0,0.0,0.0,0.0,0.0
2026-08-16 05:45:00+00:00,,,,,60.0,4.820666666666667,-0.8753333333333334,4.691333333333334,0.192,2.2206666666666663,100.45666666666666,-0.8653333333333334,4.441333333333334,-1.5326666666666666,-18.684666666666665,100.76933333333334,0.0,-6666.0,0.0,,338.25866666666667,44754.86666666667,3.7906666666666666,-332.84000000000003,32.46,-26.639999999999997,-332.84000000000003,20.619999999999997,-36.6,1.0,,,,,,,,,,,0.0,0.0,0.0,0.0,0.0,0.0,0.0,0.0
2026-08-16 05:50:00+00:00,,,,,60.0,4.734666666666667,-0.6586666666666667,4.598,-0.25533333333333336,-3.265333333333333,97.97333333333333,-0.648,4.1866666666666665,-1.932,-24.47266666666667,98.26066666666665,0.0,-6666.0,0.0,,338.09933333333333,43306.933333333334,3.8946666666666667,-334.0,37.14,-26.46,-334.0,24.919999999999998,-38.22,1.0,,,,,,,,,,,0.0,0.0,0.0,0.0,0.0,0.0,0.0,0.0
2026-08-16 05:55:00+00:00,,,,,60.0,4.684666666666667,-0.3973333333333333,4.586,-0.24133333333333334,-3.015333333333333,94.90133333333333,-0.38733333333333336,4.172,-1.9253333333333333,-24.541999999999998,94.97066666666666,0.0,-6666.0,0.0,,340.23133333333334,44569.73333333333,4.166666666666667,-335.02,37.88,-26.360000000000003,-335.02,25.52,-38.46,1.0,,,,,,,,,,,0.0,0.0,0.0,0.0,0.0,0.0,0.0,0.0
2026-08-16 06:00:00+00:00,,,,,60.0,4.6979999999999995,-0.49000000000000005,4.612,-0.5806666666666666,-7.1433333333333335,95.93866666666666,-0.47933333333333333,4.062,-2.266,-28.912666666666667,96.51266666666668,0.0,-6666.0,0.0,,339.5185714285714,43070.142857142855,4.093571428571429,-334.2,40.25,-26.05,-334.2,27.675,-39.2,1.0,,,,,,,,,,,0.0,0.0,0.0,0.0,0.0,0.0,0.0,0.0
2026-08-16 06:05:00+00:00,,,,,60.0,4.757333333333333,-0.452,4.715333333333334,-0.10066666666666667,-1.2893333333333332,95.402,-0.442,4.327333333333333,-1.8739999999999999,-23.329333333333334,95.69200000000001,0.0,-6666.0,0.0,,340.25266666666664,46276.666666666664,3.914,-333.22,38.9,-26.080000000000002,-333.22,26.26,-38.760000000000005,1.0,,,,,,,,,,,0.0,0.0,0.0,0.0,0.0,0.0,0.0,0.0
2026-08-16 06:10:00+00:00,,,,,60.0,4.694285714285714,-0.40857142857142864,4.646428571428571,0.1992857142857143,2.3978571428571427,94.96571428571428,-0.39999999999999997,4.369285714285715,-1.5850000000000002,-19.80071428571429,95.07857142857142,0.0,-6427.928571428572,0.0,,341.27466666666663,44154.8,4.02,-333.47999999999996,39.56,-23.04,-333.47999999999996,27.919999999999998,-36.28,1.0,,,,,,,,,,,0.0,0.0,0.0,0.0,0.0,0.0,0.0,0.0
2026-08-16 06:15:00+00:00,,,,,60.0,4.84,0.01833333333333334,4.346666666666667,-1.5416666666666667,-18.901666666666667,89.00916666666666,0.023333333333333334,3.4291666666666667,-3.0875,-40.824999999999996,86.85083333333334,0.0,-5832.75,0.0,,340.696,42896.26666666667,4.189333333333334,-334.56,36.2,-26.26,-334.56,23.46,-38.1,1.0,,,,,,,,,,,0.0,0.0,0.0,0.0,0.0,0.0,0.0,0.0
2026-08-16 06:20:00+00:00,,,,,60.0,4.912000000000001,0.022000000000000006,4.147333333333333,-2.4066666666666667,-29.684,89.38666666666667,0.03133333333333332,2.8973333333333335,-3.8266666666666667,-52.066,88.13933333333333,0.0,-6666.0,0.0,,338.296,38433.2,4.307333333333333,-333.88,32.2,-22.58,-333.88,21.060000000000002,-33.2,1.0,,,,,,,,,,,0.0,0.0,0.0,0.0,0.0,0.0,0.0,0.0
2026-08-16 06:25:00+00:00,,,,,60.0,4.625714285714286,-0.5928571428571429,4.219285714285714,-1.3064285714285713,-16.435714285714287,97.73357142857142,-0.5864285714285714,3.375,-2.845714285714286,-39.01714285714286,98.81785714285715,0.0,-6427.928571428572,0.0,,340.0686666666667,45102.2,4.503333333333333,-336.02,30.18,-26.48,-336.02,17.62,-36.12,1.0,,,,,,,,,,,0.0,0.0,0.0,0.0,0.0,0.0,0.0,0.0
2026-08-16 06:30:00+00:00,,,,,60.0,4.437333333333333,-0.7853333333333333,4.094666666666667,-0.4806666666666667,-5.684,100.8,-0.776,3.57,-2.0506666666666664,-28.208000000000002,101.146,0.0,-6666.0,0.0,,340.84133333333335,48049.066666666666,4.518666666666666,-336.34000000000003,32.980000000000004,-29.660000000000004,-336.34000000000003,18.82,-40.18,1.0,,,,,,,,,,,0.0,0.0,0.0,0.0,0.0,0.0,0.0,0.0
2026-08-16 06:35:00+00:00,,,,,60.0,4.230666666666667,-1.4200000000000002,3.7626666666666666,0.762,11.061333333333334,110.84133333333334,-1.4106666666666667,3.7633333333333336,-0.7973333333333332,-10.750666666666666,110.416,0.0,-6666.0,0.0,,341.2613333333333,49461.26666666667,4.322,-335.86,31.660000000000004,-28.919999999999998,-335.86,17.759999999999998,-39.04,1.0,,,,,,,,,,,0.0,0.0,0.0,0.0,0.0,0.0,0.0,0.0
2026-08-16 06:40:00+00:00,,,,,60.0,4.183333333333334,-1.6233333333333335,3.5973333333333333,0.38266666666666665,5.826666666666667,114.53666666666666,-1.6153333333333333,3.4433333333333334,-1.084,-15.463333333333333,114.72866666666667,0.0,-6666.0,0.0,,341.05266666666665,51354.73333333333,4.414000000000001,-334.96,28.18,-26.8,-334.96,15.3,-35.8,1.0,,,,,,,,,,,0.0,0.0,0.0,0.0,0.0,0.0,0.0,0.0
2026-08-16 06:45:00+00:00,,,,,60.0,4.211333333333333,-2.068,3.2493333333333334,1.4066666666666667,19.686666666666667,122.78,-2.0606666666666666,3.548666666666667,-0.025999999999999978,-0.5266666666666667,120.26266666666668,0.0,-6666.0,0.0,,340.11499999999995,52054.28571428572,4.542857142857143,-334.075,26.075,-25.35,-334.075,13.825,-33.625,1.0,,,,,,,,,,,0.0,0.0,0.0,0.0,0.0,0.0,0.0,0.0
2026-08-16 06:50:00+00:00,,,,,60.0,4.215999999999999,-2.2060000000000004,2.4673333333333334,2.4553333333333334,36.60933333333333,131.718,-2.1993333333333336,3.25,1.244,17.684666666666665,123.62533333333334,0.0,-6666.0,0.0,,338.24,51975.4,4.470666666666667,-332.58000000000004,24.4,-26.119999999999997,-332.58000000000004,11.86,-33.760000000000005,1.0,,,,,,,,,,,0.0,0.0,0.0,0.0,0.0,0.0,0.0,0.0
2026-08-16 06:55:00+00:00,,,,,60.0,4.272,-1.644,2.683333333333333,2.087333333333333,30.432000000000002,121.41000000000001,-1.6393333333333333,3.3106666666666666,0.8059999999999999,10.222,114.40466666666666,0.0,-6666.0,0.0,,339.94,49732.92857142857,4.922857142857143,-335.2,30.6,-24.72,-335.2,17.98,-35.0,1.0,,,,,,,,,,,0.0,0.0,0.0,0.0,0.0,0.0,0.0,0.0
2026-08-16 07:00:00+00:00,,,,,60.0,4.338666666666667,-1.6153333333333333,3.4153333333333333,-0.14999999999999997,-2.798,114.96133333333333,-1.6093333333333333,3.067333333333333,-1.5453333333333332,-23.934,114.84666666666666,0.0,-6666.0,0.0,,341.8715384615385,48337.769230769234,4.716153846153846,-335.35,32.55,-23.925,-335.35,20.0,-35.099999999999994,1.0,,,,,,,,,,,0.0,0.0,0.0,0.0,0.0,0.0,0.0,0.0
2026-08-16 07:05:00+00:00,,,,,60.0,4.368666666666667,-2.25,3.453333333333333,0.11399999999999998,1.0386666666666666,122.95533333333334,-2.2439999999999998,3.2060000000000004,-1.324,-19.14,124.41933333333333,0.0,-6666.0,0.0,,340.73466666666667,52217.2,4.4479999999999995,-333.94,32.6,-23.72,-333.94,20.0,-34.980000000000004,1.0,,,,,,,,,,,0.0,0.0,0.0,0.0,0.0,0.0,0.0,0.0
2026-08-16 07:10:00+00:00,,,,,60.0,4.234285714285714,-1.2692857142857144,3.7035714285714287,0.41357142857142853,6.110714285714286,109.04857142857144,-1.2614285714285713,3.5385714285714287,-1.1657142857142857,-16.595000000000002,109.48071428571428,0.0,-6427.928571428572,0.0,,345.008,53576.46666666667,4.65,-339.32,31.82,-20.94,-339.32,20.34,-32.18,1.0,,,,,,,,,,,0.0,0.0,0.0,0.0,0.0,0.0,0.0,0.0
2026-08-16 07:15:00+00:00,,,,,60.0,4.218181818181818,-0.84,3.899090909090909,0.7909090909090909,10.968181818181819,101.55727272727272,-0.8372727272727272,3.8709090909090906,-0.9018181818181819,-12.44090909090909,101.47909090909091,0.0,-5454.0,0.0,,343.134,49339.0,4.7379999999999995,-338.18,30.3,-21.48,-338.18,18.64,-32.12,1.0,,,,,,,,,,,0.0,0.0,0.0,0.0,0.0,0.0,0.0,0.0
2026-08-16 07:20:00+00:00,,,,,60.0,4.319333333333334,-1.0586666666666666,4.014,0.62,8.423333333333334,104.46266666666666,-1.0486666666666666,3.9006666666666665,-1.1366666666666667,-15.315333333333333,104.336,0.0,-6666.0,0.0,,344.092,48984.933333333334,4.701333333333333,-337.58000000000004,30.32,-19.380000000000003,-337.58000000000004,19.48,-30.26,1.0,,,,,,,,,,,0.0,0.0,0.0,0.0,0.0,0.0,0.0,0.0
2026-08-16 07:25:00+00:00,,,,,60.0,4.1814285714285715,-1.2571428571428573,3.825714285714286,0.8457142857142858,11.577142857142857,107.82785714285714,-1.249285714285714,3.8278571428571433,-0.8578571428571429,-12.028571428571428,107.7042857142857,0.0,-6427.928571428572,0.0,,343.95,45498.166666666664,5.5275,-336.1666666666667,26.266666666666666,-17.866666666666667,-336.1666666666667,16.3,-27.266666666666666,1.0,,,,,,,,,,,0.0,0.0,0.0,0.0,0.0,0.0,0.0,0.0
2026-08-16 07:30:00+00:00,,,,,60.0,3.938181818181818,-0.9600000000000001,3.6354545454545457,0.6363636363636364,9.391818181818183,104.57181818181817,-0.9581818181818181,3.566363636363636,-0.9690909090909091,-14.423636363636364,104.49454545454546,0.0,-5454.0,0.0,,342.9873333333333,43427.333333333336,5.099333333333334,-334.3,27.4,-19.32,-334.3,16.68,-29.1,1.0,,,,,,,,,,,0.0,0.0,0.0,0.0,0.0,0.0,0.0,0.0
2026-08-16 07:35:00+00:00,,,,,60.0,4.268,-2.5373333333333337,3.0446666666666666,0.41133333333333333,6.096666666666667,127.80333333333333,-2.530666666666667,2.9253333333333336,-0.9406666666666667,-12.679333333333334,129.036,0.0,-6666.0,0.0,,339.61285714285714,52285.0,4.682857142857143,-336.05,29.675,-19.8,-336.05,18.475,-30.525,1.0,,,,,,,,,,,0.0,0.0,0.0,0.0,0.0,0.0,0.0,0.0
2026-08-16 07:40:00+00:00,,,,,60.0,4.268571428571429,-2.5300000000000002,2.7607142857142857,0.3985714285714286,6.373571428571429,128.8557142857143,-2.5264285714285712,2.6621428571428574,-0.8342857142857143,-11.021428571428572,130.30142857142857,0.0,-6427.928571428572,0.0,,339.3575,53260.25,4.8133333333333335,-333.35,26.3,-19.7,-333.35,15.35,-29.0,1.0,,,,,,,,,,,0.0,0.0,0.0,0.0,0.0,0.0,0.0,0.0
2026-08-16 07:45:00+00:00,,,,,60.0,4.105384615384615,-2.206153846153846,2.3376923076923077,0.15076923076923077,2.2484615384615383,130.22692307692307,-2.206153846153846,2.176923076923077,-0.8692307692307693,-13.173846153846153,130.45923076923077,0.0,-6153.2307692307695,0.0,,339.81333333333333,49972.4,4.548,-335.21999999999997,24.119999999999997,-22.84,-335.21999999999997,11.940000000000001,-31.0,1.0,,,,,,,,,,,0.0,0.0,0.0,0.0,0.0,0.0,0.0,0.0
2026-08-16 07:50:00+00:00,,,,,60.0,4.107333333333333,-2.2633333333333336,2.088,0.2813333333333334,4.271333333333333,132.81133333333335,-2.2626666666666666,2.012,-0.65,-9.601333333333335,132.93733333333333,0.0,-6666.0,0.0,,339.6671428571429,52306.142857142855,4.648571428571429,-333.85,28.575,-21.525,-333.85,16.475,-31.799999999999997,1.0,,,,,,,,,,,0.0,0.0,0.0,0.0,0.0,0.0,0.0,0.0
2026-08-16 07:55:00+00:00,,,,,60.0,3.8214285714285716,-1.987142857142857,2.1042857142857145,0.9450000000000001,15.393571428571429,131.59,-1.987142857142857,2.31,-0.07071428571428572,-1.0057142857142858,129.06857142857143,0.0,-6427.928571428572,0.0,,343.8641666666667,47020.833333333336,4.8533333333333335,-326.79999999999995,38.900000000000006,-17.4,-326.79999999999995,27.5,-32.55,1.0,,,,,,,,,,,0.0,0.0,0.0,0.0,0.0,0.0,0.0,0.0
2026-08-16 08:00:00+00:00,,,,,60.0,3.7115384615384617,-2.2176923076923076,2.063846153846154,1.05,17.027692307692305,134.54076923076923,-2.2169230769230768,2.3284615384615384,0.033846153846153866,0.08999999999999993,131.24384615384616,0.0,-6153.2307692307695,0.0,,337.72,51302.933333333334,4.585999999999999,-329.28000000000003,28.580000000000002,-18.96,-329.28000000000003,17.44,-29.560000000000002,1.0,,,,,,,,,,,0.0,0.0,0.0,0.0,0.0,0.0,0.0,0.0
2026-08-16 08:05:00+00:00,,,,,60.0,3.9553333333333334,-2.8106666666666666,1.9533333333333334,1.0813333333333333,16.316,141.83333333333334,-2.81,2.2426666666666666,0.10733333333333334,0.7946666666666664,138.5366666666667,0.0,-6666.0,0.0,,333.86538461538464,50386.07692307692,4.5284615384615385,-329.6333333333333,24.96666666666667,-21.0,-329.6333333333333,13.233333333333334,-29.8,1.0,,,,,,,,,,,0.0,0.0,0.0,0.0,0.0,0.0,0.0,0.0
2026-08-16 08:10:00+00:00,,,,,60.0,3.857857142857143,-2.545714285714286,2.3542857142857145,1.372142857142857,21.35214285714286,135.94714285714286,-2.5414285714285714,2.7214285714285715,0.18285714285714286,2.6421428571428573,131.93714285714285,0.0,-6427.928571428572,0.0,,332.57214285714286,49028.42857142857,4.591428571428572,-330.34000000000003,28.160000000000004,-21.080000000000002,-330.34000000000003,15.98,-31.3,1.0,,,,,,,,,,,0.0,0.0,0.0,0.0,0.0,0.0,0.0,0.0
2026-08-16 08:15:00+00:00,,,,,60.0,3.9292307692307693,-2.7053846153846157,2.487692307692308,1.0476923076923077,15.096153846153847,136.57153846153847,-2.7015384615384614,2.7023076923076923,-0.17846153846153845,-3.487692307692308,134.25846153846155,0.0,-6153.2307692307695,0.0,,333.138,52909.333333333336,4.5040000000000004,-329.14,26.96,-23.44,-329.14,13.8,-32.94,1.0,,,,,,,,,,,0.0,0.0,0.0,0.0,0.0,0.0,0.0,0.0
2026-08-16 08:20:00+00:00,,,,,60.0,3.9873333333333334,-2.7646666666666664,2.4859999999999998,1.2546666666666666,18.3,137.37933333333334,-2.758666666666667,2.7993333333333337,-0.007333333333333332,-0.4126666666666666,134.03466666666665,0.0,-6666.0,0.0,,334.438,47818.4,4.452,-329.38,26.8,-20.72,-329.38,14.76,-30.46,1.0,,,,,,,,,,,0.0,0.0,0.0,0.0,0.0,0.0,0.0,0.0
2026-08-16 08:25:00+00:00,,,,,60.0,3.9492857142857143,-2.4614285714285713,2.4857142857142853,1.58,24.815714285714286,133.2757142857143,-2.4564285714285714,2.9314285714285715,0.2842857142857143,4.703571428571428,128.87428571428572,0.0,-6427.928571428572,0.0,,333.8806666666667,47842.53333333333,4.323333333333333,-331.53999999999996,27.74,-19.8,-331.53999999999996,15.940000000000001,-30.080000000000002,1.0,,,,,,,,,,,0.0,0.0,0.0,0.0,0.0,0.0,0.0,0.0
2026-08-16 08:30:00+00:00,,,,,60.0,3.844,-2.1733333333333333,2.3766666666666665,1.74,28.549333333333333,131.42466666666667,-2.1666666666666665,2.9093333333333335,0.4686666666666667,7.500666666666666,126.05666666666666,0.0,-6666.0,0.0,,336.108,45527.333333333336,4.177333333333333,-332.14,26.82,-19.14,-332.14,15.36,-29.119999999999997,1.0,,,,,,,,,,,0.0,0.0,0.0,0.0,0.0,0.0,0.0,0.0
2026-08-16 08:35:00+00:00,,,,,60.0,3.8939999999999997,-2.1126666666666667,2.292666666666667,1.8820000000000001,31.566666666666666,131.35866666666666,-2.1073333333333335,2.8946666666666667,0.6246666666666667,10.66,124.964,0.0,-6666.0,0.0,,334.2133333333333,48635.46666666667,4.173333333333334,-330.03999999999996,25.54,-19.82,-330.03999999999996,13.86,-29.2,1.0,,,,,,,,,,,0.0,0.0,0.0,0.0,0.0,0.0,0.0,0.0
2026-08-16 08:40:00+00:00,,,,,60.0,4.071428571428571,-1.0157142857142856,2.6242857142857146,2.4171428571428573,37.92142857142857,107.61,-1.0107142857142857,3.442142857142857,0.9457142857142857,13.965,105.28642857142857,0.0,-6427.928571428572,0.0,,335.62466666666666,51040.2,4.326,-332.06,26.5,-20.0,-332.06,14.540000000000001,-29.82,1.0,,,,,,,,,,,0.0,0.0,0.0,0.0,0.0,0.0,0.0,0.0
2026-08-16 08:45:00+00:00,,,,,60.0,3.8663636363636367,-1.2954545454545454,1.8545454545454545,2.856363636363636,51.09,124.03727272727274,-1.2936363636363637,2.950909090909091,1.6909090909090911,27.672727272727272,112.54818181818182,0.0,-5454.0,0.0,,334.765,46149.0,4.324285714285714,-331.26000000000005,28.3,-20.5,-331.26000000000005,15.919999999999998,-31.139999999999997,1.0,,,,,,,,,,,0.0,0.0,0.0,0.0,0.0,0.0,0.0,0.0
2026-08-16 08:50:00+00:00,,,,,60.0,3.936,-1.608,1.954,2.6613333333333333,46.638000000000005,128.938,-1.602,2.9546666666666668,1.4473333333333334,23.740666666666666,117.05933333333334,0.0,-6666.0,0.0,,334.466,49566.26666666667,4.226666666666667,-329.65999999999997,24.82,-22.04,-329.65999999999997,12.040000000000001,-30.919999999999998,1.0,,,,,,,,,,,0.0,0.0,0.0,0.0,0.0,0.0,0.0,0.0
2026-08-16 08:55:00+00:00,,,,,60.0,3.994285714285714,-2.1042857142857145,1.727142857142857,2.5421428571428573,42.33142857142857,135.42357142857142,-2.1007142857142855,2.71,1.457142857142857,22.284285714285716,125.31071428571428,0.0,-6427.928571428572,0.0,,333.386,48771.46666666667,4.1066666666666665,-328.94,23.5,-22.66,-328.94,10.52,-30.919999999999998,1.0,,,,,,,,,,,0.0,0.0,0.0,0.0,0.0,0.0,0.0,0.0
2026-08-16 09:00:00+00:00,,,,,60.0,3.9669230769230768,-2.17,1.6784615384615384,2.600769230769231,42.691538461538464,138.38538461538462,-2.167692307692308,2.696153846153846,1.5276923076923077,23.065384615384616,126.84923076923077,0.0,-6153.2307692307695,0.0,,333.00333333333333,44626.333333333336,3.8939999999999997,-329.1,29.74,-21.28,-329.1,16.7,-32.56,1.0,,,,,,,,,,,0.0,0.0,0.0,0.0,0.0,0.0,0.0,0.0
2026-08-16 09:05:00+00:00,,,,,60.0,4.019333333333333,-2.322666666666667,1.6926666666666668,2.564,41.24066666666667,140.15666666666667,-2.32,2.704,1.478,21.970000000000002,128.75133333333332,0.0,-6666.0,0.0,,332.06266666666664,45972.8,3.8366666666666664,-330.08000000000004,30.380000000000003,-21.94,-330.08000000000004,16.84,-33.5,1.0,,,,,,,,,,,0.0,0.0,0.0,0.0,0.0,0.0,0.0,0.0
2026-08-16 09:10:00+00:00,,,,,60.0,3.9285714285714284,-1.9335714285714285,1.8085714285714285,2.689285714285714,44.68285714285714,132.94357142857143,-1.9314285714285713,2.86,1.5314285714285714,23.337857142857143,122.21071428571429,0.0,-6427.928571428572,0.0,,332.50866666666667,46829.73333333333,3.9840000000000004,-330.26,26.660000000000004,-19.72,-330.26,14.52,-29.82,1.0,,,,,,,,,,,0.0,0.0,0.0,0.0,0.0,0.0,0.0,0.0
2026-08-16 09:15:00+00:00,,,,,60.0,3.9113333333333333,-2.0706666666666664,1.7766666666666666,2.582666666666667,43.04333333333333,136.12533333333334,-2.0673333333333335,2.7853333333333334,1.4406666666666665,22.293333333333333,125.13066666666667,0.0,-6666.0,0.0,,331.612,44366.066666666666,3.9219999999999997,-328.46,27.380000000000003,-18.84,-328.46,15.5,-29.419999999999998,1.0,,,,,,,,,,,0.0,0.0,0.0,0.0,0.0,0.0,0.0,0.0
2026-08-16 09:20:00+00:00,,,,,60.0,3.9626666666666663,-2.4939999999999998,1.7313333333333332,2.374,37.75266666666666,144.59,-2.4886666666666666,2.651333333333333,1.2719999999999998,18.926666666666666,132.31866666666667,0.0,-6666.0,0.0,,330.4493333333333,45824.333333333336,3.951333333333333,-328.64,29.639999999999997,-20.46,-328.64,16.7,-31.9,1.0,,,,,,,,,,,0.0,0.0,0.0,0.0,0.0,0.0,0.0,0.0
2026-08-16 09:25:00+00:00,,,,,60.0,3.9978571428571428,-2.1185714285714288,1.0592857142857144,2.6914285714285713,47.015,153.53357142857143,-2.1164285714285715,2.2057142857142855,1.8728571428571428,30.389999999999997,126.54285714285713,0.0,-6427.928571428572,0.0,,330.248,46021.0,3.85,-328.65999999999997,27.68,-19.16,-328.65999999999997,15.559999999999999,-29.860000000000003,1.0,,,,,,,,,,,0.0,0.0,0.0,0.0,0.0,0.0,0.0,0.0
2026-08-16 09:30:00+00:00,,,,,60.0,3.743846153846154,-2.3153846153846156,1.2230769230769232,2.1623076923076923,36.77923076923077,147.36384615384617,-2.316153846153846,2.1076923076923078,1.3376923076923077,20.857692307692307,135.73076923076923,0.0,-6153.2307692307695,0.0,,329.7793333333333,48067.26666666667,3.6973333333333334,-329.88,23.919999999999998,-24.0,-329.88,9.9,-32.42,1.0,,,,,,,,,,,0.0,0.0,0.0,0.0,0.0,0.0,0.0,0.0
2026-08-16 09:35:00+00:00,,,,,60.0,4.058666666666666,-2.622,1.0066666666666666,2.4186666666666667,37.658,155.596,-2.624,2.0486666666666666,1.654,24.009999999999998,141.176,0.0,-6666.0,0.0,,333.54200000000003,42402.0,3.488,-331.36,23.419999999999998,-22.72,-331.36,10.02,-31.04,1.0,,,,,,,,,,,0.0,0.0,0.0,0.0,0.0,0.0,0.0,0.0
2026-08-16 09:40:00+00:00,,,,,60.0,3.8721428571428573,-1.9635714285714285,0.39,2.775,49.88428571428572,179.4157142857143,-1.9607142857142856,1.6621428571428571,2.250714285714286,41.455,142.51357142857142,0.0,-6427.928571428572,0.0,,333.6771428571428,43701.78571428572,3.6407142857142856,-330.58000000000004,23.580000000000002,-17.56,-330.58000000000004,12.559999999999999,-26.6,1.0,,,,,,,,,,,0.0,0.0,0.0,0.0,0.0,0.0,0.0,0.0
2026-08-16 09:45:00+00:00,,,,,60.0,3.8273333333333337,-1.174,0.8140000000000001,2.8766666666666665,52.892,171.14600000000002,-1.1666666666666667,2.082,2.1206666666666667,38.449333333333335,125.89533333333334,0.0,-6666.0,0.0,,335.316,41618.73333333333,3.884,-328.5,28.5,-17.04,-328.5,17.1,-28.46,1.0,,,,,,,,,,,0.0,0.0,0.0,0.0,0.0,0.0,0.0,0.0
2026-08-16 09:50:00+00:00,,,,,60.0,4.1033333333333335,-1.4453333333333334,2.314,2.566666666666667,41.448,124.55,-1.4400000000000002,3.266,1.1426666666666667,17.028000000000002,113.54733333333334,0.0,-6666.0,0.0,,334.4346666666667,41643.13333333333,3.977333333333333,-327.94,26.160000000000004,-18.44,-327.94,14.360000000000003,-28.619999999999997,1.0,,,,,,,,,,,0.0,0.0,0.0,0.0,0.0,0.0,0.0,0.0
2026-08-16 09:55:00+00:00,,,,,60.0,3.927857142857143,-0.7907142857142857,3.117142857142857,1.9057142857142857,29.282857142857143,105.69928571428571,-0.7864285714285714,3.656428571428571,0.1771428571428571,2.3278571428571433,102.39285714285714,0.0,-6427.928571428572,0.0,,332.8435714285714,38485.357142857145,3.8207142857142857,-328.3,28.639999999999997,-18.56,-328.3,16.44,-29.9,1.0,,,,,,,,,,,0.0,0.0,0.0,0.0,0.0,0.0,0.0,0.0
2026-08-16 10:00:00+00:00,,,,,60.0,3.9457142857142857,-1.3957142857142857,2.2471428571428573,2.487142857142857,39.17928571428571,122.72928571428572,-1.3942857142857144,3.172857142857143,1.1057142857142856,16.212142857142858,113.88142857142857,0.0,-6427.928571428572,0.0,,329.28583333333336,41634.083333333336,3.908333333333333,-325.24,30.72,-20.919999999999998,-325.24,17.14,-32.959999999999994,1.0,,,,,,,,,,,0.0,0.0,0.0,0.0,0.0,0.0,0.0,0.0
2026-08-16 10:05:00+00:00,,,,,60.0,3.928,-2.0693333333333332,2.4566666666666666,1.954,30.28666666666667,130.62133333333335,-2.0646666666666667,3.091333333333333,0.5299999999999999,7.852,123.56533333333333,0.0,-6666.0,0.0,,327.1373333333333,41009.6,3.425333333333333,-320.88,28.560000000000002,-24.86,-320.88,13.319999999999999,-35.44,1.0,,,,,,,,,,,0.0,0.0,0.0,0.0,0.0,0.0,0.0,0.0
2026-08-16 10:10:00+00:00,,,,,60.0,3.9192857142857145,-2.0121428571428575,2.424285714285714,2.097142857142857,32.912142857142854,128.26714285714286,-2.0064285714285712,3.1371428571428575,0.6664285714285715,10.021428571428572,121.89785714285713,0.0,-6427.928571428572,0.0,,326.21133333333336,41200.86666666667,3.442,-320.96,29.5,-21.98,-320.96,15.48,-33.36,1.0,,,,,,,,,,,0.0,0.0,0.0,0.0,0.0,0.0,0.0,0.0
2026-08-16 10:15:00+00:00,,,,,60.0,4.029230769230769,-0.9861538461538462,2.866153846153846,2.411538461538462,37.41538461538461,108.48076923076923,-0.9815384615384615,3.6692307692307695,0.7323076923076923,10.906153846153845,104.61846153846153,0.0,-6153.2307692307695,0.0,,327.206,36520.933333333334,3.3353333333333333,-323.06,28.639999999999997,-20.68,-323.06,15.34,-31.8,1.0,,,,,,,,,,,0.0,0.0,0.0,0.0,0.0,0.0,0.0,0.0
2026-08-16 10:20:00+00:00,,,,,60.0,4.1466666666666665,-1.63,2.466,2.5733333333333333,39.17666666666666,119.71533333333333,-1.6260000000000001,3.4106666666666663,1.0586666666666666,14.907333333333334,113.66066666666667,0.0,-6666.0,0.0,,330.26533333333333,36836.26666666667,3.179333333333333,-326.86,26.96,-20.919999999999998,-326.86,13.74,-31.26,1.0,,,,,,,,,,,0.0,0.0,0.0,0.0,0.0,0.0,0.0,0.0
2026-08-16 10:25:00+00:00,,,,,60.0,4.013571428571429,-1.2385714285714287,2.5664285714285713,2.6792857142857143,43.042857142857144,113.77785714285714,-1.2328571428571427,3.540714285714286,1.0978571428571429,16.512857142857143,108.03571428571429,0.0,-6427.928571428572,0.0,,330.82466666666664,39201.73333333333,3.2866666666666666,-325.6,26.560000000000002,-21.1,-325.6,13.26,-31.22,1.0,,,,,,,,,,,0.0,0.0,0.0,0.0,0.0,0.0,0.0,0.0
2026-08-16 10:30:00+00:00,,,,,60.0,4.040666666666667,-1.1426666666666667,2.3593333333333333,2.932,48.18533333333333,113.22933333333334,-1.136,3.484666666666667,1.4146666666666665,21.401333333333334,106.80933333333333,0.0,-6666.0,0.0,,330.15066666666667,37244.333333333336,3.2873333333333337,-325.24,25.02,-20.64,-325.24,12.120000000000001,-30.080000000000002,1.0,,,,,,,,,,,0.0,0.0,0.0,0.0,0.0,0.0,0.0,0.0
2026-08-16 10:35:00+00:00,,,,,60.0,4.058,-1.1413333333333333,2.1526666666666667,2.9853333333333336,50.18,112.51266666666668,-1.1346666666666667,3.33,1.5593333333333335,24.045333333333335,106.51733333333333,0.0,-6666.0,0.0,,328.3913333333333,37937.86666666667,3.231333333333333,-325.02,24.4,-20.619999999999997,-325.02,11.559999999999999,-29.8,1.0,,,,,,,,,,,0.0,0.0,0.0,0.0,0.0,0.0,0.0,0.0
2026-08-16 10:40:00+00:00,,,,,60.0,4.062,-0.732,2.3233333333333333,3.062,49.868,104.33133333333333,-0.7266666666666667,3.518,1.5466666666666666,22.77333333333333,100.39533333333334,0.0,-6666.0,0.0,,327.7785714285714,35044.357142857145,3.3007142857142857,-322.5,25.939999999999998,-23.0,-322.5,11.76,-32.62,1.0,,,,,,,,,,,0.0,0.0,0.0,0.0,0.0,0.0,0.0,0.0
2026-08-16 10:45:00+00:00,,,,,60.0,3.9313333333333333,-0.8506666666666667,1.9973333333333334,3.2,55.10933333333333,112.32866666666668,-0.8453333333333333,3.301333333333333,1.8213333333333332,27.976,103.838,0.0,-6666.0,0.0,,329.8793333333333,36728.933333333334,3.3280000000000003,-323.76,21.5,-21.880000000000003,-323.76,8.379999999999999,-29.52,1.0,,,,,,,,,,,0.0,0.0,0.0,0.0,0.0,0.0,0.0,0.0
2026-08-16 10:50:00+00:00,,,,,60.0,3.8613333333333335,-0.6880000000000001,2.008,3.1546666666666665,54.91466666666667,108.65933333333334,-0.6846666666666666,3.2953333333333332,1.7786666666666666,27.326,101.34133333333332,0.0,-6666.0,0.0,,329.46999999999997,35549.28571428572,3.287857142857143,-323.4,20.240000000000002,-21.8,-323.4,7.3,-28.82,1.0,,,,,,,,,,,0.0,0.0,0.0,0.0,0.0,0.0,0.0,0.0
2026-08-16 10:55:00+00:00,,,,,60.0,3.738571428571429,-1.0071428571428571,1.9614285714285715,2.948571428571429,52.417142857142856,115.87857142857142,-1.0035714285714286,3.1485714285714286,1.6235714285714287,25.860000000000003,107.03642857142857,0.0,-6427.928571428572,0.0,,327.794,35051.73333333333,3.4106666666666663,-322.8,20.52,-22.52,-322.8,7.18,-29.6,1.0,,,,,,,,,,,0.0,0.0,0.0,0.0,0.0,0.0,0.0,0.0
2026-08-16 11:00:00+00:00,,,,,60.0,3.7180000000000004,-0.412,2.2933333333333334,2.816666666666667,49.67933333333334,100.40733333333333,-0.40599999999999997,3.3733333333333335,1.346,21.363333333333333,96.86733333333333,0.0,-6666.0,0.0,,330.108,36690.066666666666,3.3513333333333337,-322.5,21.5,-23.84,-322.5,7.4799999999999995,-31.24,1.0,,,,,,,,,,,0.0,0.0,0.0,0.0,0.0,0.0,0.0,0.0
2026-08-16 11:05:00+00:00,,,,,60.0,3.6393333333333335,-0.502,2.1766666666666667,2.8026666666666666,50.724666666666664,103.56333333333333,-0.49600000000000005,3.262,1.3866666666666667,22.62,98.82,0.0,-6666.0,0.0,,330.4433333333333,35527.0,3.522666666666667,-321.24,17.740000000000002,-22.080000000000002,-321.24,5.0,-27.9,1.0,,,,,,,,,,,0.0,0.0,0.0,0.0,0.0,0.0,0.0,0.0
2026-08-16 11:10:00+00:00,,,,,60.0,3.579285714285714,-0.7221428571428571,2.0357142857142856,2.817857142857143,52.01857142857143,109.04785714285715,-0.7185714285714286,3.1485714285714286,1.4728571428571429,24.3,102.46714285714286,0.0,-6427.928571428572,0.0,,328.0226666666667,35095.933333333334,3.4686666666666666,-321.84000000000003,17.98,-24.16,-321.84000000000003,4.220000000000001,-29.839999999999996,1.0,,,,,,,,,,,0.0,0.0,0.0,0.0,0.0,0.0,0.0,0.0
2026-08-16 11:15:00+00:00,,,,,60.0,3.493846153846154,-0.6438461538461537,1.2846153846153845,2.7976923076923077,55.98692307692307,146.8053846153846,-0.64,2.476923076923077,1.8153846153846156,35.97461538461538,101.39538461538463,0.0,-6153.2307692307695,0.0,,326.9653333333333,36255.2,3.3713333333333333,-321.58000000000004,18.0,-22.96,-321.58000000000004,4.8,-28.76,1.0,,,,,,,,,,,0.0,0.0,0.0,0.0,0.0,0.0,0.0,0.0
2026-08-16 11:20:00+00:00,,,,,60.0,3.6300000000000003,-1.6026666666666667,1.0586666666666666,2.908,54.13933333333333,147.73866666666666,-1.6013333333333333,2.35,2.022666666666667,34.23066666666667,122.97466666666668,0.0,-6666.0,0.0,,328.1666666666667,36869.2,3.2826666666666666,-326.12,25.619999999999997,-20.82,-326.12,12.52,-30.54,1.0,,,,,,,,,,,0.0,0.0,0.0,0.0,0.0,0.0,0.0,0.0
2026-08-16 11:25:00+00:00,,,,,60.0,3.6514285714285712,-1.4535714285714287,1.2321428571428572,2.8242857142857143,51.60142857142857,143.38214285714284,-1.455,2.4549999999999996,1.8764285714285713,31.52642857142857,121.67785714285715,0.0,-6427.928571428572,0.0,,330.416,36832.333333333336,3.1726666666666667,-327.54,27.46,-23.34,-327.54,12.940000000000001,-33.64,1.0,,,,,,,,,,,0.0,0.0,0.0,0.0,0.0,0.0,0.0,0.0
2026-08-16 11:30:00+00:00,,,,,60.0,3.6766666666666667,-1.406,1.596,2.3793333333333333,41.58533333333333,144.89933333333335,-1.4073333333333333,2.5686666666666667,1.3159999999999998,23.754,123.982,0.0,-6666.0,0.0,,330.1166666666667,32015.333333333332,3.232666666666667,-325.96,23.4,-25.6,-325.96,8.3,-33.7,1.0,,,,,,,,,,,0.0,0.0,0.0,0.0,0.0,0.0,0.0,0.0
2026-08-16 11:35:00+00:00,,,,,60.0,3.6533333333333333,-1.5673333333333332,2.1753333333333336,2.24,38.318666666666665,126.76666666666667,-1.5646666666666667,3.0,0.906,14.338,117.33466666666666,0.0,-6666.0,0.0,,326.42266666666666,32140.666666666668,3.1199999999999997,-323.96,22.28,-24.6,-323.96,7.8,-32.239999999999995,1.0,,,,,,,,,,,0.0,0.0,0.0,0.0,0.0,0.0,0.0,0.0
2026-08-16 11:40:00+00:00,,,,,60.0,3.7399999999999998,-1.8366666666666667,2.3193333333333332,2.1886666666666668,36.06933333333333,127.502,-1.832,3.094666666666667,0.7886666666666666,12.169333333333332,120.05133333333333,0.0,-6666.0,0.0,,325.44533333333334,34842.86666666667,3.091333333333333,-322.32,19.06,-21.8,-322.32,6.36,-28.26,1.0,,,,,,,,,,,0.0,0.0,0.0,0.0,0.0,0.0,0.0,0.0
2026-08-16 11:45:00+00:00,,,,,60.0,3.8059999999999996,-1.6833333333333333,2.3280000000000003,2.2846666666666664,37.93933333333334,123.43333333333334,-1.6786666666666668,3.152,0.87,13.25,116.89666666666668,0.0,-6666.0,0.0,,328.1892857142857,30759.071428571428,3.2142857142857144,-322.06,17.4,-23.78,-322.06,3.9200000000000004,-29.2,1.0,,,,,,,,,,,0.0,0.0,0.0,0.0,0.0,0.0,0.0,0.0
2026-08-16 11:50:00+00:00,,,,,60.0,3.8800000000000003,-1.8206666666666669,2.5246666666666666,2.2373333333333334,35.052,125.32066666666667,-1.8166666666666667,3.298,0.7333333333333333,10.474666666666668,118.35933333333334,0.0,-6666.0,0.0,,326.192,30136.8,3.094,-321.1,17.04,-24.06,-321.1,3.5,-29.26,1.0,,,,,,,,,,,0.0,0.0,0.0,0.0,0.0,0.0,0.0,0.0
2026-08-16 11:55:00+00:00,,,,,60.0,3.882857142857143,-1.622142857142857,2.529285714285714,2.221428571428571,34.85785714285714,123.04928571428572,-1.6185714285714285,3.297857142857143,0.7264285714285714,10.040000000000001,115.58571428571429,0.0,-6427.928571428572,0.0,,325.2135714285714,29617.785714285714,3.3628571428571425,-321.5,17.54,-23.66,-321.5,4.18,-29.160000000000004,1.0,,,,,,,,,,,0.0,0.0,0.0,0.0,0.0,0.0,0.0,0.0
2026-08-16 12:00:00+00:00,,,,,60.0,3.952,-1.8419999999999999,2.3793333333333333,2.326,36.349333333333334,128.68133333333333,-1.8386666666666664,3.220666666666667,0.8919999999999999,12.451333333333334,119.52933333333334,0.0,-6666.0,0.0,,324.57800000000003,28594.8,3.0326666666666666,-321.6,19.419999999999998,-24.5,-321.6,5.4399999999999995,-30.76,1.0,,,,,,,,,,,0.0,0.0,0.0,0.0,0.0,0.0,0.0,0.0
2026-08-16 12:05:00+00:00,,,,,60.0,3.9526666666666666,-1.9086666666666667,2.896666666666667,1.8053333333333332,26.999333333333333,123.06,-1.9013333333333333,3.4106666666666667,0.18666666666666668,2.373333333333333,118.82666666666667,0.0,-6666.0,0.0,,323.01533333333333,31462.866666666665,3.068,-318.26,15.8,-22.419999999999998,-318.26,3.28,-27.24,1.0,,,,,,,,,,,0.0,0.0,0.0,0.0,0.0,0.0,0.0,0.0
2026-08-16 12:10:00+00:00,,,,,60.0,3.922857142857143,-2.15,2.662857142857143,1.787857142857143,26.952857142857145,128.17142857142858,-2.1457142857142855,3.200714285714286,0.28785714285714287,3.834285714285714,123.21785714285714,0.0,-6427.928571428572,0.0,,322.57466666666664,30139.0,3.1393333333333335,-317.88,15.38,-23.3,-317.88,2.5,-27.8,1.0,,,,,,,,,,,0.0,0.0,0.0,0.0,0.0,0.0,0.0,0.0
2026-08-16 12:15:00+00:00,,,,,60.0,3.9546666666666668,-2.256666666666667,2.798,1.5506666666666669,22.742666666666665,128.32666666666668,-2.25,3.2053333333333334,0.016,-0.3259999999999999,124.52600000000001,0.0,-6666.0,0.0,,323.7753333333333,30621.666666666668,3.074,-321.44,19.619999999999997,-24.86,-321.44,5.54,-31.139999999999997,1.0,,,,,,,,,,,0.0,0.0,0.0,0.0,0.0,0.0,0.0,0.0
2026-08-16 12:20:00+00:00,,,,,60.0,3.9566666666666666,-2.302,2.9219999999999997,1.1733333333333333,16.766000000000002,127.52466666666668,-2.2953333333333332,3.136,-0.37133333333333335,-6.193333333333333,125.46533333333333,0.0,-6666.0,0.0,,323.46133333333336,31081.066666666666,3.0993333333333335,-320.68,20.2,-27.880000000000003,-320.68,4.66,-34.1,1.0,,,,,,,,,,,0.0,0.0,0.0,0.0,0.0,0.0,0.0,0.0
2026-08-16 12:25:00+00:00,,,,,60.0,3.9221428571428576,-2.177857142857143,2.9257142857142857,1.295,19.189285714285713,125.85000000000001,-2.172142857142857,3.197142857142857,-0.26,-4.155714285714286,123.44428571428571,0.0,-6427.928571428572,0.0,,323.52000000000004,29516.4,2.9106666666666663,-319.74,19.64,-25.919999999999998,-319.74,5.14,-32.12,1.0,,,,,,,,,,,0.0,0.0,0.0,0.0,0.0,0.0,0.0,0.0
2026-08-16 12:30:00+00:00,,,,,60.0,3.779166666666667,-1.89,2.965,1.255,19.180833333333332,121.79416666666667,-1.8858333333333333,3.2108333333333334,-0.30083333333333334,-4.985,119.69,0.0,-5832.75,0.0,,323.7976923076923,26809.615384615383,3.2830769230769232,-319.98,18.78,-24.419999999999998,-319.98,5.12,-30.4,1.0,,,,,,,,,,,0.0,0.0,0.0,0.0,0.0,0.0,0.0,0.0
2026-08-16 12:35:00+00:00,,,,,60.0,3.8313333333333333,-2.1593333333333335,2.927333333333333,1.0146666666666666,15.246666666666666,125.32199999999999,-2.1526666666666667,3.062,-0.5013333333333334,-7.946666666666667,124.02733333333335,0.0,-6666.0,0.0,,325.4013333333333,27142.333333333332,3.0853333333333333,-322.62,21.98,-23.119999999999997,-322.62,8.6,-30.7,1.0,,,,,,,,,,,0.0,0.0,0.0,0.0,0.0,0.0,0.0,0.0
2026-08-16 12:40:00+00:00,,,,,60.0,3.66,-1.6585714285714288,2.7964285714285713,1.4185714285714286,23.917857142857144,118.96428571428571,-1.6528571428571428,3.1371428571428575,-0.075,-0.7435714285714285,116.47857142857143,0.0,-6427.928571428572,0.0,,323.4893333333333,26373.533333333333,3.4246666666666665,-319.32,16.6,-23.380000000000003,-319.32,3.7600000000000002,-28.439999999999998,1.0,,,,,,,,,,,0.0,0.0,0.0,0.0,0.0,0.0,0.0,0.0
2026-08-16 12:45:00+00:00,,,,,60.0,3.7342857142857144,-1.8628571428571428,2.9614285714285713,1.1485714285714284,17.442857142857143,121.27928571428572,-1.8571428571428572,3.157857142857143,-0.38499999999999995,-6.6642857142857155,119.50857142857141,0.0,-6427.928571428572,0.0,,323.6333333333333,25297.733333333334,3.2506666666666666,-320.36,21.98,-25.240000000000002,-320.36,7.68,-32.54,1.0,,,,,,,,,,,0.0,0.0,0.0,0.0,0.0,0.0,0.0,0.0
2026-08-16 12:50:00+00:00,,,,,60.0,3.746666666666667,-1.8579999999999999,2.977333333333333,1.1526666666666665,17.853333333333335,121.036,-1.8513333333333333,3.174666666666667,-0.386,-6.219333333333334,119.31466666666667,0.0,-6666.0,0.0,,323.4073333333333,26006.2,3.284666666666667,-320.96000000000004,22.759999999999998,-24.580000000000002,-320.96000000000004,8.78,-32.36,1.0,,,,,,,,,,,0.0,0.0,0.0,0.0,0.0,0.0,0.0,0.0
2026-08-16 12:55:00+00:00,,,,,60.0,3.646,-1.7526666666666666,2.888,1.1493333333333335,18.227333333333334,120.44200000000001,-1.7466666666666666,3.094666666666667,-0.3406666666666667,-5.774666666666667,118.55,0.0,-6666.0,0.0,,323.1273333333333,25138.0,3.329333333333333,-319.73999999999995,19.56,-23.66,-319.73999999999995,6.380000000000001,-30.04,1.0,,,,,,,,,,,0.0,0.0,0.0,0.0,0.0,0.0,0.0,0.0
2026-08-16 13:00:00+00:00,,,,,60.0,3.541333333333333,-1.4466666666666665,2.7573333333333334,1.4446666666666668,24.633333333333333,115.76266666666668,-1.4413333333333334,3.118666666666667,-0.018666666666666654,-0.20200000000000007,113.21333333333334,0.0,-6666.0,0.0,,319.74615384615385,25451.153846153848,4.064615384615385,-314.74,11.36,-23.34,-314.74,-0.68,-25.919999999999998,1.0,,,,,,,,,,,0.0,0.0,0.0,0.0,0.0,0.0,0.0,0.0
2026-08-16 13:05:00+00:00,,,,,60.0,3.4566666666666666,-1.0553333333333332,2.5873333333333335,1.8339999999999999,32.824666666666666,109.52066666666666,-1.0493333333333335,3.146666666666667,0.41333333333333333,7.272,106.47733333333333,0.0,-6666.0,0.0,,318.69800000000004,22669.666666666668,4.158666666666666,-312.1,5.8,-20.759999999999998,-312.1,-4.38,-21.119999999999997,1.0,,,,,,,,,,,0.0,0.0,0.0,0.0,0.0,0.0,0.0,0.0
2026-08-16 13:10:00+00:00,,,,,60.0,3.3673333333333333,-0.9713333333333334,2.588,1.7726666666666666,32.54933333333334,109.08533333333334,-0.9646666666666666,3.1146666666666665,0.3653333333333333,6.678,105.98666666666666,0.0,-6666.0,0.0,,318.2393333333333,22686.933333333334,4.267333333333332,-311.38,5.9799999999999995,-20.78,-311.38,-4.2,-21.2,1.0,,,,,,,,,,,0.0,0.0,0.0,0.0,0.0,0.0,0.0,0.0
2026-08-16 13:15:00+00:00,,,,,60.0,3.258666666666667,-1.282,1.5859999999999999,2.4579999999999997,49.772666666666666,128.31066666666666,-1.2786666666666666,2.546666666666667,1.4493333333333331,26.719333333333335,116.09066666666666,0.0,-6666.0,0.0,,316.0023076923077,26843.153846153848,4.589230769230769,-311.15999999999997,13.24,-19.78,-311.15999999999997,2.7399999999999998,-23.64,1.0,,,,,,,,,,,0.0,0.0,0.0,0.0,0.0,0.0,0.0,0.0
2026-08-16 13:20:00+00:00,,,,,60.0,3.3066666666666666,-1.165,1.8125,2.375,46.41583333333333,121.38166666666666,-1.1633333333333333,2.6966666666666668,1.2816666666666665,22.870833333333334,112.32083333333333,0.0,-5832.75,0.0,,315.96,23900.466666666667,4.398,-312.18,7.159999999999999,-19.5,-312.18,-2.48,-20.619999999999997,1.0,,,,,,,,,,,0.0,0.0,0.0,0.0,0.0,0.0,0.0,0.0
2026-08-16 13:25:00+00:00,,,,,60.0,3.433076923076923,-0.92,2.306153846153846,2.1715384615384616,39.04769230769231,110.53769230769231,-0.9153846153846155,3.046923076923077,0.8784615384615384,14.450769230769232,105.64076923076922,0.0,-6153.2307692307695,0.0,,316.1213333333333,22558.866666666665,4.453333333333333,-312.46,5.26,-20.04,-312.46,-4.38,-20.259999999999998,1.0,,,,,,,,,,,0.0,0.0,0.0,0.0,0.0,0.0,0.0,0.0
2026-08-16 13:30:00+00:00,,,,,60.0,3.4376923076923074,-0.8661538461538462,2.5930769230769233,1.8299999999999998,32.10153846153846,107.26307692307692,-0.8615384615384615,3.1469230769230765,0.45153846153846156,7.203076923076923,104.10230769230769,0.0,-6153.2307692307695,0.0,,314.89076923076925,22636.53846153846,4.891538461538461,-311.04,4.7,-21.18,-311.04,-5.359999999999999,-21.04,1.0,,,,,,,,,,,0.0,0.0,0.0,0.0,0.0,0.0,0.0,0.0
2026-08-16 13:35:00+00:00,,,,,60.0,3.3925,-0.5008333333333334,2.7816666666666667,1.7,30.0325,99.5575,-0.4975,3.248333333333333,0.2558333333333333,4.19,97.985,0.0,-5832.75,0.0,,316.0692307692307,22405.384615384617,4.903846153846154,-310.74,4.4399999999999995,-20.660000000000004,-310.74,-5.319999999999999,-20.44,1.0,,,,,,,,,,,0.0,0.0,0.0,0.0,0.0,0.0,0.0,0.0
2026-08-16 13:40:00+00:00,,,,,60.0,3.4130769230769227,-0.5253846153846153,2.8607692307692307,1.65,28.774615384615384,100.43538461538462,-0.5223076923076924,3.3015384615384615,0.1846153846153846,2.676153846153846,98.51769230769231,0.0,-6153.2307692307695,0.0,,316.1457142857143,21412.35714285714,4.665,-309.68,3.66,-21.48,-309.68,-6.32,-20.86,1.0,,,,,,,,,,,0.0,0.0,0.0,0.0,0.0,0.0,0.0,0.0
2026-08-16 13:45:00+00:00,,,,,60.0,3.462,-0.7286666666666667,2.992,1.4553333333333331,24.612000000000002,103.22600000000001,-0.7226666666666667,3.332666666666667,-0.050666666666666665,-1.176,101.52066666666666,0.0,-6666.0,0.0,,315.3935714285714,21449.64285714286,4.708571428571429,-308.575,3.425,-21.425,-308.575,-6.475,-20.75,1.0,,,,,,,,,,,0.0,0.0,0.0,0.0,0.0,0.0,0.0,0.0
2026-08-16 13:50:00+00:00,,,,,60.0,3.4406666666666665,-0.6033333333333333,3.091333333333333,1.2273333333333334,20.711333333333336,100.69800000000001,-0.5966666666666666,3.3153333333333332,-0.28800000000000003,-5.120666666666667,99.54266666666668,0.0,-6666.0,0.0,,315.3573333333333,21191.533333333333,4.492666666666667,-309.36,2.82,-22.84,-309.36,-7.56,-21.759999999999998,1.0,,,,,,,,,,,0.0,0.0,0.0,0.0,0.0,0.0,0.0,0.0
2026-08-16 13:55:00+00:00,,,,,60.0,3.4593333333333334,-0.768,3.0420000000000003,1.3126666666666666,22.197333333333333,103.696,-0.7613333333333333,3.3146666666666667,-0.18000000000000002,-3.2486666666666664,102.28133333333334,0.0,-6666.0,0.0,,314.57642857142855,20791.928571428572,4.639285714285714,-308.26,2.8,-21.64,-308.26,-6.9799999999999995,-20.639999999999997,1.0,,,,,,,,,,,0.0,0.0,0.0,0.0,0.0,0.0,0.0,0.0
2026-08-16 14:00:00+00:00,,,,,60.0,3.475333333333333,-1.0006666666666666,2.8833333333333333,1.5086666666666666,25.48933333333333,108.562,-0.9946666666666667,3.2606666666666664,0.07533333333333332,0.8153333333333334,106.15866666666668,0.0,-6666.0,0.0,,313.684,20220.133333333335,4.5200000000000005,-307.9,3.5799999999999996,-20.419999999999998,-307.9,-5.7,-19.919999999999998,1.0,,,,,,,,,,,0.0,0.0,0.0,0.0,0.0,0.0,0.0,0.0
2026-08-16 14:05:00+00:00,,,,,60.0,3.466666666666667,-0.8926666666666667,2.9633333333333334,1.4326666666666665,24.244000000000003,106.23466666666667,-0.886,3.2953333333333332,-0.02,-0.6166666666666668,104.374,0.0,-6666.0,0.0,,313.8323076923077,21086.46153846154,4.836153846153846,-308.76,2.5,-20.94,-308.76,-6.859999999999999,-19.98,1.0,,,,,,,,,,,0.0,0.0,0.0,0.0,0.0,0.0,0.0,0.0
2026-08-16 14:10:00+00:00,,,,,60.0,3.477333333333333,-1.23,3.0,1.02,16.85333333333333,111.68933333333332,-1.2233333333333334,3.152,-0.3993333333333334,-7.054666666666666,110.554,0.0,-6666.0,0.0,,312.066,20995.733333333334,4.528666666666667,-305.8,1.9,-23.4,-305.8,-8.42,-21.9,1.0,,,,,,,,,,,0.0,0.0,0.0,0.0,0.0,0.0,0.0,0.0
2026-08-16 14:15:00+00:00,,,,,60.0,3.4828571428571427,-0.7457142857142857,3.0585714285714287,1.2964285714285713,21.497857142857146,103.42999999999999,-0.74,3.3207142857142857,-0.165,-3.415,102.28785714285713,0.0,-6427.928571428572,0.0,,314.39214285714286,20408.35714285714,4.686428571428571,-307.46000000000004,2.12,-23.740000000000002,-307.46000000000004,-8.3,-22.34,1.0,,,,,,,,,,,0.0,0.0,0.0,0.0,0.0,0.0,0.0,0.0
2026-08-16 14:20:00+00:00,,,,,60.0,3.6092857142857144,-0.5207142857142857,3.1078571428571427,1.547857142857143,25.384999999999998,99.0657142857143,-0.515,3.472857142857143,0.05285714285714286,0.7457142857142857,97.90428571428572,0.0,-6427.928571428572,0.0,,315.26714285714286,20429.285714285714,4.694285714285714,-310.7,0.9800000000000001,-20.96,-310.7,-8.080000000000002,-19.380000000000003,1.0,,,,,,,,,,,0.0,0.0,0.0,0.0,0.0,0.0,0.0,0.0
2026-08-16 14:25:00+00:00,,,,,60.0,3.567857142857143,-0.32071428571428573,3.107142857142857,1.5814285714285714,26.20357142857143,95.92428571428572,-0.315,3.4878571428571425,0.09357142857142857,1.2564285714285715,94.79357142857143,0.0,-6427.928571428572,0.0,,316.862,20055.4,4.6160000000000005,-311.62,1.2,-21.560000000000002,-311.62,-8.08,-20.06,1.0,,,,,,,,,,,0.0,0.0,0.0,0.0,0.0,0.0,0.0,0.0
2026-08-16 14:30:00+00:00,,,,,60.0,3.535,-0.29250000000000004,3.111666666666667,1.485,24.793333333333333,95.36916666666667,-0.2891666666666667,3.4508333333333336,0.02083333333333334,0.20583333333333345,94.42416666666666,0.0,-5832.75,0.0,,316.1471428571429,20556.85714285714,4.829285714285715,-311.52,0.9,-20.8,-311.52,-7.94,-19.259999999999998,1.0,,,,,,,,,,,0.0,0.0,0.0,0.0,0.0,0.0,0.0,0.0
2026-08-16 14:35:00+00:00,,,,,60.0,3.56,-0.33384615384615385,3.1546153846153846,1.4223076923076925,23.47923076923077,95.9876923076923,-0.32923076923076927,3.463846153846154,-0.047692307692307694,-0.9069230769230768,95.01692307692308,0.0,-6153.2307692307695,0.0,,315.784,19686.733333333334,4.660666666666667,-310.94,0.78,-21.04,-310.94,-8.14,-19.419999999999998,1.0,,,,,,,,,,,0.0,0.0,0.0,0.0,0.0,0.0,0.0,0.0
2026-08-16 14:40:00+00:00,,,,,60.0,3.5321428571428575,-0.3678571428571429,3.1014285714285714,1.4600000000000002,24.350714285714282,96.7807142857143,-0.36214285714285716,3.4307142857142856,0.01714285714285715,0.1335714285714286,95.67928571428571,0.0,-6427.928571428572,0.0,,315.2269230769231,20146.30769230769,5.189230769230769,-310.43999999999994,0.96,-20.96,-310.43999999999994,-7.840000000000001,-19.5,1.0,,,,,,,,,,,0.0,0.0,0.0,0.0,0.0,0.0,0.0,0.0
2026-08-16 14:45:00+00:00,,,,,60.0,3.4171428571428573,-0.40214285714285714,2.9978571428571428,1.4035714285714285,24.164285714285715,97.545,-0.3964285714285714,3.315,0.022142857142857138,0.1235714285714286,96.31785714285715,0.0,-6427.928571428572,0.0,,315.95214285714286,19368.285714285714,4.852857142857142,-310.425,2.75,-21.875,-310.425,-6.550000000000001,-21.075000000000003,1.0,,,,,,,,,,,0.0,0.0,0.0,0.0,0.0,0.0,0.0,0.0
2026-08-16 14:50:00+00:00,,,,,60.0,3.3766666666666665,-0.45466666666666666,2.9699999999999998,1.4,24.326,98.54199999999999,-0.4486666666666667,3.2866666666666666,0.034666666666666665,0.34400000000000003,97.28133333333334,0.0,-6666.0,0.0,,315.4742857142857,20083.785714285714,4.862857142857143,-309.62,3.1,-21.8,-309.62,-6.14,-21.119999999999997,1.0,,,,,,,,,,,0.0,0.0,0.0,0.0,0.0,0.0,0.0,0.0
2026-08-16 14:55:00+00:00,,,,,60.0,3.3493333333333335,-0.6053333333333334,2.86,1.5073333333333332,26.622666666666667,101.58066666666667,-0.5993333333333334,3.2306666666666666,0.18933333333333333,3.052,99.944,0.0,-6666.0,0.0,,314.86499999999995,19319.214285714286,4.953571428571428,-308.325,2.9,-21.2,-308.325,-6.025,-20.525,1.0,,,,,,,,,,,0.0,0.0,0.0,0.0,0.0,0.0,0.0,0.0
2026-08-16 15:00:00+00:00,,,,,60.0,3.4613333333333336,-0.6513333333333333,2.951333333333333,1.4026666666666665,23.834,102.44333333333334,-0.6453333333333333,3.271333333333333,0.06999999999999999,0.9120000000000003,100.54066666666667,0.0,-6666.0,0.0,,313.1433333333333,18969.6,4.7780000000000005,-309.12,1.34,-21.38,-309.12,-7.459999999999999,-20.1,1.0,,,,,,,,,,,0.0,0.0,0.0,0.0,0.0,0.0,0.0,0.0
2026-08-16 15:05:00+00:00,,,,,60.0,3.4859999999999998,-0.424,3.1333333333333333,1.2126666666666666,20.286,97.72533333333334,-0.41733333333333333,3.3606666666666665,-0.168,-2.962,96.59066666666666,0.0,-6666.0,0.0,,314.13,18585.533333333333,4.778666666666667,-309.06,1.02,-21.72,-309.06,-7.82,-20.259999999999998,1.0,,,,,,,,,,,0.0,0.0,0.0,0.0,0.0,0.0,0.0,0.0
2026-08-16 15:10:00+00:00,,,,,60.0,3.3633333333333337,-0.442,3.0686666666666667,1.212,20.958000000000002,97.96133333333334,-0.43533333333333335,3.3013333333333335,-0.13266666666666665,-2.4433333333333334,97.124,0.0,-6666.0,0.0,,312.864,18600.466666666667,4.744666666666666,-305.46,1.78,-21.28,-305.46,-6.9,-20.240000000000002,1.0,,,,,,,,,,,0.0,0.0,0.0,0.0,0.0,0.0,0.0,0.0
2026-08-16 15:15:00+00:00,,,,,60.0,3.27,-0.6446666666666666,2.8886666666666665,1.3233333333333335,24.054,103.24066666666667,-0.638,3.1766666666666667,0.054000000000000006,1.1793333333333333,101.83200000000001,0.0,-6666.0,0.0,,311.76533333333333,19589.933333333334,4.5520000000000005,-302.1,4.720000000000001,-20.14,-302.1,-3.6399999999999997,-20.36,1.0,,,,,,,,,,,0.0,0.0,0.0,0.0,0.0,0.0,0.0,0.0
2026-08-16 15:20:00+00:00,,,,,60.0,3.365333333333333,-1.2533333333333334,2.727333333333333,1.356,23.721333333333334,114.51866666666666,-1.2466666666666666,3.041333333333333,0.15733333333333335,2.5366666666666666,111.94133333333333,0.0,-6666.0,0.0,,310.08,20007.6,4.739999999999999,-303.3,3.8,-21.759999999999998,-303.3,-5.0600000000000005,-21.48,1.0,,,,,,,,,,,0.0,0.0,0.0,0.0,0.0,0.0,0.0,0.0
2026-08-16 15:25:00+00:00,,,,,60.0,3.395,-1.3714285714285714,2.733571428571429,1.2321428571428572,20.946428571428573,115.93142857142857,-1.3671428571428572,3.0021428571428572,0.055714285714285716,0.3478571428571429,113.42857142857143,0.0,-6427.928571428572,0.0,,308.9926666666667,20138.2,4.72,-303.15999999999997,1.72,-22.72,-303.15999999999997,-7.3,-21.580000000000002,1.0,,,,,,,,,,,0.0,0.0,0.0,0.0,0.0,0.0,0.0,0.0
2026-08-16 15:30:00+00:00,,,,,60.0,3.3871428571428575,-1.3092857142857142,2.7278571428571428,1.285,22.005714285714284,114.80285714285715,-1.305,3.017857142857143,0.11785714285714287,1.4664285714285714,112.31500000000001,0.0,-6427.928571428572,0.0,,309.15285714285716,19183.071428571428,4.74,-304.25,3.075,-23.375,-304.25,-6.2,-22.75,1.0,,,,,,,,,,,0.0,0.0,0.0,0.0,0.0,0.0,0.0,0.0
2026-08-16 15:35:00+00:00,,,,,60.0,3.420666666666667,-1.3046666666666666,2.8233333333333333,1.2753333333333332,21.878,113.85066666666667,-1.2993333333333332,3.1,0.08133333333333333,1.204,111.81866666666666,0.0,-6666.0,0.0,,309.10999999999996,19091.533333333333,4.567333333333334,-304.04,2.66,-23.080000000000002,-304.04,-6.42,-22.36,1.0,,,,,,,,,,,0.0,0.0,0.0,0.0,0.0,0.0,0.0,0.0
2026-08-16 15:40:00+00:00,,,,,60.0,3.3664285714285715,-1.1664285714285714,2.862142857142857,1.1821428571428572,20.72357142857143,111.68928571428572,-1.1600000000000001,3.097142857142857,-0.00642857142857143,-0.0835714285714285,110.00142857142858,0.0,-6427.928571428572,0.0,,309.608,18976.666666666668,4.596,-304.21999999999997,2.8600000000000003,-22.36,-304.21999999999997,-5.88,-21.740000000000002,1.0,,,,,,,,,,,0.0,0.0,0.0,0.0,0.0,0.0,0.0,0.0
2026-08-16 15:45:00+00:00,,,,,60.0,3.3214285714285716,-1.3028571428571427,2.652142857142857,1.4442857142857142,25.985714285714288,115.735,-1.2978571428571428,3.0007142857142854,0.3271428571428571,5.698571428571428,112.92,0.0,-6427.928571428572,0.0,,309.29714285714283,19681.0,4.824285714285715,-303.36,3.2600000000000002,-21.9,-303.36,-5.26,-21.5,1.0,,,,,,,,,,,0.0,0.0,0.0,0.0,0.0,0.0,0.0,0.0
2026-08-16 15:50:00+00:00,,,,,60.0,3.420666666666667,-1.4653333333333334,2.6493333333333333,1.5093333333333334,26.153333333333332,118.25466666666667,-1.4586666666666666,3.0273333333333334,0.39666666666666667,6.542,115.13799999999999,0.0,-6666.0,0.0,,308.67199999999997,18956.266666666666,4.572666666666667,-302.98,2.5,-22.32,-302.98,-6.0200000000000005,-21.66,1.0,,,,,,,,,,,0.0,0.0,0.0,0.0,0.0,0.0,0.0,0.0
2026-08-16 15:55:00+00:00,,,,,60.0,3.4642857142857144,-1.612142857142857,2.585714285714286,1.5628571428571427,26.782857142857143,121.09642857142856,-1.6064285714285713,2.9857142857142853,0.4842857142857143,7.851428571428571,117.55714285714285,0.0,-6427.928571428572,0.0,,307.34000000000003,20967.64285714286,4.692142857142857,-302.58000000000004,2.7,-22.34,-302.58000000000004,-5.8,-21.740000000000002,1.0,,,,,,,,,,,0.0,0.0,0.0,0.0,0.0,0.0,0.0,0.0
2026-08-16 16:00:00+00:00,,,,,60.0,3.5464285714285713,-1.6435714285714285,2.605714285714286,1.6464285714285716,27.629285714285714,121.38357142857141,-1.6385714285714286,3.0335714285714284,0.5685714285714286,8.990714285714287,117.62071428571429,0.0,-6427.928571428572,0.0,,307.4276923076923,19506.30769230769,4.697692307692308,-301.75,1.65,-21.75,-301.75,-6.425000000000001,-20.85,1.0,,,,,,,,,,,0.0,0.0,0.0,0.0,0.0,0.0,0.0,0.0
2026-08-16 16:05:00+00:00,,,,,60.0,3.594666666666667,-1.752,2.6646666666666667,1.5286666666666666,24.922,122.62733333333334,-1.7486666666666666,3.0433333333333334,0.4426666666666667,6.712666666666666,119.132,0.0,-6666.0,0.0,,306.5613333333333,19061.733333333334,4.197333333333334,-301.2,1.02,-23.22,-301.2,-7.5,-22.0,1.0,,,,,,,,,,,0.0,0.0,0.0,0.0,0.0,0.0,0.0,0.0
2026-08-16 16:10:00+00:00,,,,,60.0,3.572,-1.8286666666666667,2.674,1.3739999999999999,22.374666666666666,123.43866666666666,-1.8233333333333335,2.997333333333333,0.30933333333333335,4.513999999999999,120.42866666666667,0.0,-6666.0,0.0,,307.515,19081.785714285714,4.508571428571429,-301.75,1.85,-24.075,-301.75,-6.925,-23.15,1.0,,,,,,,,,,,0.0,0.0,0.0,0.0,0.0,0.0,0.0,0.0
2026-08-16 16:15:00+00:00,,,,,60.0,3.5786666666666664,-1.974,2.616,1.32,21.182666666666666,126.47733333333333,-1.968,2.9219999999999997,0.29133333333333333,3.990666666666667,123.37733333333334,0.0,-6666.0,0.0,,305.3566666666667,19956.733333333334,4.217333333333333,-299.64,2.42,-25.419999999999998,-299.64,-6.840000000000001,-24.6,1.0,,,,,,,,,,,0.0,0.0,0.0,0.0,0.0,0.0,0.0,0.0
2026-08-16 16:20:00+00:00,,,,,60.0,3.5893333333333333,-2.041333333333333,2.6126666666666667,1.206,18.941333333333333,127.364,-2.036,2.8786666666666667,0.19399999999999998,2.1453333333333338,124.74466666666667,0.0,-6666.0,0.0,,305.42,21434.153846153848,4.561538461538461,-298.94,2.32,-27.0,-298.94,-7.38,-26.080000000000002,1.0,,,,,,,,,,,0.0,0.0,0.0,0.0,0.0,0.0,0.0,0.0
2026-08-16 16:25:00+00:00,,,,,60.0,3.59,-1.7207142857142856,2.7521428571428572,1.375,22.43,120.80999999999999,-1.7164285714285714,3.065714285714286,0.31714285714285717,4.7749999999999995,118.11571428571428,0.0,-6427.928571428572,0.0,,305.69466666666665,19733.133333333335,4.180000000000001,-301.68,1.8800000000000001,-24.080000000000002,-301.68,-6.68,-23.2,1.0,,,,,,,,,,,0.0,0.0,0.0,0.0,0.0,0.0,0.0,0.0
2026-08-16 16:30:00+00:00,,,,,60.0,3.591333333333333,-1.8126666666666666,2.7246666666666663,1.3,21.233333333333334,122.33,-1.8073333333333332,3.0133333333333336,0.26799999999999996,4.068666666666667,119.782,0.0,-6666.0,0.0,,305.18933333333337,19356.333333333332,4.182,-300.6,1.92,-24.4,-300.6,-6.659999999999999,-23.54,1.0,,,,,,,,,,,0.0,0.0,0.0,0.0,0.0,0.0,0.0,0.0
2026-08-16 16:35:00+00:00,,,,,60.0,3.5926666666666667,-1.85,2.798,1.07,17.357333333333333,122.324,-1.844,3.0006666666666666,0.036000000000000004,0.412,120.49533333333333,0.0,-6666.0,0.0,,304.49399999999997,19461.0,4.1593333333333335,-299.64,1.54,-25.28,-299.64,-7.24,-24.28,1.0,,,,,,,,,,,0.0,0.0,0.0,0.0,0.0,0.0,0.0,0.0
2026-08-16 16:40:00+00:00,,,,,60.0,3.6035714285714286,-1.8499999999999999,2.7800000000000002,1.09,17.525714285714287,122.39428571428572,-1.8442857142857143,2.9885714285714284,0.07714285714285715,0.9028571428571428,120.47071428571428,0.0,-6427.928571428572,0.0,,305.1692857142857,19391.428571428572,4.356428571428571,-300.625,2.175,-24.65,-300.625,-6.35,-23.95,1.0,,,,,,,,,,,0.0,0.0,0.0,0.0,0.0,0.0,0.0,0.0
2026-08-16 16:45:00+00:00,,,,,60.0,3.5707692307692307,-1.8815384615384616,2.7423076923076923,1.0315384615384615,16.526153846153846,123.31076923076922,-1.8776923076923078,2.933846153846154,0.04615384615384615,0.23692307692307682,121.43384615384616,0.0,-6153.2307692307695,0.0,,304.0833333333333,19659.583333333332,4.766666666666667,-299.775,1.975,-25.45,-299.775,-6.725,-24.625,1.0,,,,,,,,,,,0.0,0.0,0.0,0.0,0.0,0.0,0.0,0.0
2026-08-16 16:50:00+00:00,,,,,60.0,3.614,-2.058666666666667,2.7479999999999998,0.8933333333333333,13.785333333333334,126.084,-2.0526666666666666,2.8939999999999997,-0.078,-1.9920000000000002,124.54733333333334,0.0,-6666.0,0.0,,303.3786666666667,19394.2,4.274666666666667,-297.94,1.6600000000000001,-26.839999999999996,-297.94,-7.359999999999999,-25.860000000000003,1.0,,,,,,,,,,,0.0,0.0,0.0,0.0,0.0,0.0,0.0,0.0
2026-08-16 16:55:00+00:00,,,,,60.0,3.612142857142857,-1.9764285714285716,2.8592857142857144,0.687142857142857,10.462142857142856,123.90857142857143,-1.9714285714285715,2.9314285714285715,-0.2957142857142857,-5.456428571428572,123.05642857142857,0.0,-6427.928571428572,0.0,,304.00714285714287,19012.5,4.295714285714285,-298.625,2.2,-27.9,-298.625,-7.125,-27.1,1.0,,,,,,,,,,,0.0,0.0,0.0,0.0,0.0,0.0,0.0,0.0
2026-08-16 17:00:00+00:00,,,,,60.0,3.6114285714285717,-2.1128571428571425,2.7842857142857143,0.5821428571428572,8.893571428571429,126.22571428571429,-2.107857142857143,2.827142857142857,-0.3592857142857143,-6.347142857142857,125.65357142857144,0.0,-6427.928571428572,0.0,,302.70933333333335,20308.0,4.228666666666666,-297.94,2.02,-27.28,-297.94,-6.9799999999999995,-26.46,1.0,,,,,,,,,,,0.0,0.0,0.0,0.0,0.0,0.0,0.0,0.0
2026-08-16 17:05:00+00:00,,,,,60.0,3.5973333333333333,-2.19,2.746,0.45266666666666666,6.5953333333333335,127.74133333333334,-2.1839999999999997,2.7520000000000002,-0.46,-8.225333333333333,127.542,0.0,-6666.0,0.0,,302.5473333333333,19998.8,4.165333333333333,-296.14,1.94,-27.880000000000003,-296.14,-7.159999999999999,-27.02,1.0,,,,,,,,,,,0.0,0.0,0.0,0.0,0.0,0.0,0.0,0.0
2026-08-16 17:10:00+00:00,,,,,60.0,3.6026666666666665,-2.1506666666666665,2.788,0.42733333333333334,6.054,126.974,-2.1453333333333333,2.786,-0.48533333333333334,-8.763333333333332,126.91866666666667,0.0,-6666.0,0.0,,302.71500000000003,19545.5,4.325,-295.88,2.08,-28.660000000000004,-295.88,-7.159999999999999,-27.860000000000003,1.0,,,,,,,,,,,0.0,0.0,0.0,0.0,0.0,0.0,0.0,0.0
2026-08-16 17:15:00+00:00,,,,,60.0,3.5926666666666667,-1.9406666666666665,2.936,0.42266666666666663,6.430666666666666,122.61666666666666,-1.934,2.9266666666666667,-0.526,-8.954666666666666,122.562,0.0,-6666.0,0.0,,304.42214285714283,18497.85714285714,4.325,-298.625,2.0,-26.825,-298.625,-6.575,-26.1,1.0,,,,,,,,,,,0.0,0.0,0.0,0.0,0.0,0.0,0.0,0.0
2026-08-16 17:20:00+00:00,,,,,60.0,3.570666666666667,-1.9046666666666667,2.942,0.388,5.842666666666667,122.088,-1.898,2.920666666666667,-0.5526666666666666,-9.442,122.126,0.0,-6666.0,0.0,,303.2278571428571,19501.214285714286,4.368571428571428,-298.26,0.78,-27.6,-298.26,-7.82,-26.46,1.0,,,,,,,,,,,0.0,0.0,0.0,0.0,0.0,0.0,0.0,0.0
2026-08-16 17:25:00+00:00,,,,,60.0,3.5100000000000002,-1.7046153846153846,2.983076923076923,0.37846153846153846,5.853846153846154,118.97692307692309,-1.7000000000000002,2.959230769230769,-0.5615384615384615,-9.68,119.02076923076923,0.0,-6153.2307692307695,0.0,,302.4930769230769,20475.846153846152,4.52,-297.24,2.3600000000000003,-28.6,-297.24,-6.58,-27.919999999999998,1.0,,,,,,,,,,,0.0,0.0,0.0,0.0,0.0,0.0,0.0,0.0
2026-08-16 17:30:00+00:00,,,,,60.0,3.564285714285714,-1.8657142857142859,2.9314285714285715,0.3885714285714286,5.859285714285714,121.54785714285715,-1.8607142857142858,2.914285714285714,-0.5235714285714286,-9.041428571428572,121.46214285714287,0.0,-6427.928571428572,0.0,,303.00916666666666,21325.833333333332,4.8425,-297.65,2.525,-28.35,-297.65,-6.225,-27.775,1.0,,,,,,,,,,,0.0,0.0,0.0,0.0,0.0,0.0,0.0,0.0
2026-08-16 17:35:00+00:00,,,,,60.0,3.5953333333333335,-1.9693333333333334,2.8913333333333333,0.392,5.838666666666667,123.30466666666666,-1.9633333333333334,2.881333333333333,-0.4953333333333333,-8.601333333333335,123.15066666666667,0.0,-6666.0,0.0,,302.3206666666667,19093.066666666666,4.277333333333333,-297.36,1.02,-27.2,-297.36,-7.2,-26.22,1.0,,,,,,,,,,,0.0,0.0,0.0,0.0,0.0,0.0,0.0,0.0
2026-08-16 17:40:00+00:00,,,,,60.0,3.5942857142857143,-2.0092857142857143,2.894285714285714,0.29642857142857143,4.312142857142858,123.875,-2.0035714285714286,2.855714285714286,-0.5778571428571428,-9.884285714285713,124.035,0.0,-6427.928571428572,0.0,,302.2366666666667,19759.333333333332,4.222666666666667,-297.84000000000003,1.54,-26.5,-297.84000000000003,-6.4,-25.76,1.0,,,,,,,,,,,0.0,0.0,0.0,0.0,0.0,0.0,0.0,0.0
2026-08-16 17:45:00+00:00,,,,,60.0,3.592142857142857,-1.8864285714285713,2.9857142857142853,0.06857142857142857,0.687857142857143,121.37285714285714,-1.8814285714285715,2.8792857142857144,-0.8114285714285714,-13.667142857142858,122.10000000000001,0.0,-6427.928571428572,0.0,,302.7264285714286,18772.0,4.3378571428571435,-296.625,0.625,-26.775,-296.625,-7.275,-25.8,1.0,,,,,,,,,,,0.0,0.0,0.0,0.0,0.0,0.0,0.0,0.0
2026-08-16 17:50:00+00:00,,,,,60.0,3.622,-2.06,2.908666666666667,0.11066666666666668,1.214,124.42333333333335,-2.0533333333333332,2.820666666666667,-0.7386666666666667,-12.528666666666668,125.05533333333332,0.0,-6666.0,0.0,,301.95799999999997,20176.533333333333,4.288,-296.38,0.9,-27.160000000000004,-296.38,-7.040000000000001,-26.28,1.0,,,,,,,,,,,0.0,0.0,0.0,0.0,0.0,0.0,0.0,0.0
2026-08-16 17:55:00+00:00,,,,,60.0,3.623571428571428,-2.0614285714285714,2.895,-0.022142857142857155,-0.9349999999999999,124.50642857142857,-2.0557142857142856,2.774285714285714,-0.8521428571428571,-14.444999999999999,125.485,0.0,-6427.928571428572,0.0,,302.255,20070.428571428572,4.364285714285715,-297.425,1.75,-28.25,-297.425,-6.4,-27.6,1.0,,,,,,,,,,,0.0,0.0,0.0,0.0,0.0,0.0,0.0,0.0
2026-08-16 18:00:00+00:00,,,,,60.0,3.5300000000000002,-2.150714285714286,2.7435714285714283,0.02071428571428571,0.013571428571428568,127.23357142857142,-2.1457142857142855,2.64,-0.7564285714285715,-12.89,128.19785714285715,0.0,-6427.928571428572,0.0,,300.57272727272726,24492.81818181818,5.264545454545455,-295.88,2.9,-28.419999999999998,-295.88,-5.26,-28.080000000000002,1.0,,,,,,,,,,,0.0,0.0,0.0,0.0,0.0,0.0,0.0,0.0
2026-08-16 18:05:00+00:00,,,,,60.0,3.564285714285714,-2.225,2.579285714285714,-0.39999999999999997,-7.433571428571428,129.97,-2.2192857142857143,2.3728571428571428,-1.1042857142857143,-19.584285714285716,132.28,0.0,-6427.928571428572,0.0,,300.9971428571429,23785.5,4.409285714285715,-295.08000000000004,3.06,-31.1,-295.08000000000004,-5.779999999999999,-30.74,1.0,,,,,,,,,,,0.0,0.0,0.0,0.0,0.0,0.0,0.0,0.0
2026-08-16 18:10:00+00:00,,,,,60.0,3.63,-2.0753846153846154,2.33,-1.3084615384615386,-23.22307692307692,130.63692307692307,-2.0707692307692307,1.8815384615384616,-1.9,-34.67076923076923,137.3530769230769,0.0,-6153.2307692307695,0.0,,301.4023076923077,22514.153846153848,4.41,-296.04999999999995,4.449999999999999,-34.224999999999994,-296.04999999999995,-5.175,-34.125,1.0,,,,,,,,,,,0.0,0.0,0.0,0.0,0.0,0.0,0.0,0.0
2026-08-16 18:15:00+00:00,,,,,60.0,3.6992307692307693,-2.025384615384615,1.9553846153846153,-1.8492307692307692,-33.49153846153846,132.65846153846152,-2.022307692307692,1.3792307692307693,-2.3153846153846156,-43.92923076923077,143.80846153846153,0.0,-6153.2307692307695,0.0,,302.0084615384616,23978.076923076922,4.205384615384616,-297.15,4.625,-36.5,-297.15,-5.55,-36.375,1.0,,,,,,,,,,,0.0,0.0,0.0,0.0,0.0,0.0,0.0,0.0
2026-08-16 18:20:00+00:00,,,,,60.0,3.482,-2.0406666666666666,2.14,-0.5913333333333333,-10.434,130.27066666666667,-2.036,1.9133333333333333,-1.1473333333333333,-21.33,135.37066666666666,0.0,-6666.0,0.0,,302.58,26667.0,4.268571428571429,-298.15,6.2,-29.25,-298.15,-1.925,-29.825,1.0,,,,,,,,,,,0.0,0.0,0.0,0.0,0.0,0.0,0.0,0.0
2026-08-16 18:25:00+00:00,,,,,60.0,3.2415384615384615,-1.9846153846153847,2.163846153846154,-0.6730769230769231,-12.013076923076925,130.73999999999998,-1.9830769230769232,1.9130769230769231,-1.2284615384615383,-22.88923076923077,133.82076923076923,0.0,-6153.2307692307695,0.0,,302.892,26069.6,4.289333333333333,-297.3,3.3600000000000003,-29.8,-297.3,-4.74,-29.619999999999997,1.0,,,,,,,,,,,0.0,0.0,0.0,0.0,0.0,0.0,0.0,0.0
2026-08-16 18:30:00+00:00,,,,,60.0,3.3286666666666664,-2.106666666666667,2.27,-0.728,-12.824666666666667,131.064,-2.102,2.006666666666667,-1.3006666666666669,-23.608,134.114,0.0,-6666.0,0.0,,303.0755555555555,25308.555555555555,4.444444444444445,-297.4666666666667,2.6333333333333333,-28.566666666666666,-297.4666666666667,-5.0,-28.26666666666667,1.0,,,,,,,,,,,0.0,0.0,0.0,0.0,0.0,0.0,0.0,0.0
2026-08-16 18:35:00+00:00,,,,,60.0,3.28,-1.902,2.2960000000000003,-0.9039999999999999,-17.529,127.749,-1.8980000000000001,1.988,-1.467,-28.875999999999998,131.81400000000002,0.0,-7999.2,0.0,,300.16857142857145,28283.714285714286,2.2085714285714286,-296.76,3.78,-32.0,-296.76,-4.7,-31.860000000000003,1.0,,,,,,,,,,,0.0,0.0,0.0,0.0,0.0,0.0,0.0,0.0
2026-08-16 18:40:00+00:00,,,,,60.0,3.287777777777778,-1.822222222222222,2.131111111111111,-1.347777777777778,-26.752222222222223,127.8477777777778,-1.8144444444444447,1.7244444444444444,-1.8466666666666665,-37.78666666666666,133.66555555555556,0.0,-9999.0,0.0,,302.4157142857143,27851.714285714286,1.9414285714285715,-297.9666666666667,5.233333333333333,-34.03333333333333,-297.9666666666667,-3.6999999999999997,-34.199999999999996,1.0,,,,,,,,,,,0.0,0.0,0.0,0.0,0.0,0.0,0.0,0.0
2026-08-16 18:45:00+00:00,,,,,60.0,3.105,-1.8275000000000001,2.29,-0.37125,-6.768750000000001,126.92750000000001,-1.82125,2.13125,-0.9349999999999999,-18.14875,129.19,0.0,-9999.0,0.0,,300.35875,30476.5,2.225,-297.06,4.4799999999999995,-29.24,-297.06,-3.1,-29.419999999999998,1.0,,,,,,,,,,,0.0,0.0,0.0,0.0,0.0,0.0,0.0,0.0
2026-08-16 18:50:00+00:00,,,,,60.0,3.149,-2.154,2.191,0.03899999999999999,1.7719999999999998,132.72899999999998,-2.146,2.143,-0.508,-8.556999999999999,133.294,0.0,-9999.0,0.0,,301.345,28973.75,2.05,-297.67499999999995,4.85,-31.975,-297.67499999999995,-3.325,-32.175,1.0,,,,,,,,,,,0.0,0.0,0.0,0.0,0.0,0.0,0.0,0.0
2026-08-16 18:55:00+00:00,,,,,60.0,3.1237500000000002,-1.6412499999999999,2.305,-0.4525,-7.83375,123.07124999999999,-1.6375,2.1262499999999998,-1.00125,-19.00375,124.235,0.0,-9999.0,0.0,,303.15,32021.777777777777,2.0255555555555556,-298.025,5.4,-33.45,-298.025,-3.1,-33.725,1.0,,,,,,,,,,,0.0,0.0,0.0,0.0,0.0,0.0,0.0,0.0
2026-08-16 19:00:00+00:00,,,,,60.0,3.261111111111111,-1.5722222222222222,2.457777777777778,-0.89,-16.473333333333333,119.65666666666668,-1.5655555555555556,2.1744444444444446,-1.46,-27.75111111111111,121.67,0.0,-9999.0,0.0,,303.24888888888887,35192.555555555555,2.1255555555555556,-297.325,6.475,-33.825,-297.325,-1.975,-34.35,1.0,,,,,,,,,,,0.0,0.0,0.0,0.0,0.0,0.0,0.0,0.0
2026-08-16 19:05:00+00:00,,,,,60.0,3.27,-1.6022222222222222,2.4877777777777776,-0.8222222222222223,-15.350000000000001,120.22111111111111,-1.5966666666666667,2.2266666666666666,-1.3944444444444446,-26.54222222222222,122.14555555555555,0.0,-9999.0,0.0,,301.64375,34824.5,2.39,-298.1,6.9,-33.72,-298.1,-1.48,-34.38,1.0,,,,,,,,,,,0.0,0.0,0.0,0.0,0.0,0.0,0.0,0.0
2026-08-16 19:10:00+00:00,,,,,60.0,3.2955555555555556,-1.6766666666666667,2.6166666666666667,-0.23666666666666666,-5.152222222222223,120.96555555555557,-1.6688888888888889,2.488888888888889,-0.8466666666666667,-16.417777777777776,121.55888888888889,0.0,-9999.0,0.0,,301.36375,24176.625,2.04875,-297.73333333333335,6.233333333333333,-31.96666666666667,-297.73333333333335,-1.6333333333333335,-32.5,1.0,,,,,,,,,,,0.0,0.0,0.0,0.0,0.0,0.0,0.0,0.0
2026-08-16 19:15:00+00:00,,,,,60.0,3.3177777777777777,-1.7477777777777779,2.5955555555555554,0.05666666666666666,-0.18555555555555556,122.81,-1.74,2.5444444444444443,-0.5477777777777777,-11.237777777777778,122.80777777777777,0.0,-9999.0,0.0,,299.808,25705.8,2.152,-296.76,5.36,-31.580000000000002,-296.76,-2.2,-31.96,1.0,,,,,,,,,,,0.0,0.0,0.0,0.0,0.0,0.0,0.0,0.0
2026-08-16 19:20:00+00:00,,,,,60.0,3.3240000000000003,-2.002,2.513,0.195,2.6100000000000003,127.53600000000002,-1.9940000000000002,2.498,-0.384,-7.723000000000001,127.415,0.0,-9999.0,0.0,,299.81624999999997,27102.25,1.84375,-297.8,6.8,-31.866666666666664,-297.8,-0.7666666666666667,-32.56666666666666,1.0,,,,,,,,,,,0.0,0.0,0.0,0.0,0.0,0.0,0.0,0.0
2026-08-16 19:25:00+00:00,,,,,60.0,3.3177777777777777,-2.0544444444444445,2.4833333333333334,0.21777777777777776,3.295555555555556,128.60666666666668,-2.0477777777777777,2.473333333333333,-0.35111111111111115,-6.772222222222222,128.49333333333334,0.0,-9999.0,0.0,,300.46,28782.8,2.029,-297.9,8.02,-31.660000000000004,-297.9,0.5,-32.64,1.0,,,,,,,,,,,0.0,0.0,0.0,0.0,0.0,0.0,0.0,0.0
2026-08-16 19:30:00+00:00,,,,,60.0,3.276,-1.6260000000000001,2.677,0.067,1.25,120.596,-1.6170000000000002,2.631,-0.532,-9.553,120.864,0.0,-9999.0,0.0,,301.845,25504.125,1.8975,-298.6333333333333,9.166666666666666,-32.166666666666664,-298.6333333333333,1.5999999999999999,-33.46666666666667,1.0,,,,,,,,,,,0.0,0.0,0.0,0.0,0.0,0.0,0.0,0.0
2026-08-16 19:35:00+00:00,,,,,60.0,3.19,-1.215,2.8775,0.345,6.8325,112.39875,-1.2075,2.88875,-0.3,-4.918749999999999,112.29875,0.0,-9999.0,0.0,,303.004,29324.1,2.066,-298.08000000000004,9.48,-32.56,-298.08000000000004,1.94,-33.88,1.0,,,,,,,,,,,0.0,0.0,0.0,0.0,0.0,0.0,0.0,0.0
2026-08-16 19:40:00+00:00,,,,,60.0,3.3340000000000005,-1.4140000000000001,2.942,0.44000000000000006,7.759,114.856,-1.404,2.973,-0.209,-3.5130000000000003,114.50999999999999,0.0,-9999.0,0.0,,301.63,32179.666666666668,2.348333333333333,-297.825,9.525,-33.5,-297.825,1.85,-34.775,1.0,,,,,,,,,,,0.0,0.0,0.0,0.0,0.0,0.0,0.0,0.0
2026-08-16 19:45:00+00:00,,,,,60.0,3.24875,-1.285,2.8975,0.34875,6.39875,113.0425,-1.2774999999999999,2.91,-0.2825,-4.88875,112.91375,0.0,-9999.0,0.0,,301.8255555555555,28001.0,1.948888888888889,-295.825,8.65,-33.85,-295.825,1.0,-34.925,1.0,,,,,,,,,,,0.0,0.0,0.0,0.0,0.0,0.0,0.0,0.0
2026-08-16 19:50:00+00:00,,,,,60.0,3.318,-1.4140000000000001,2.907,0.227,4.133,115.09,-1.405,2.899,-0.393,-6.711,115.101,0.0,-9999.0,0.0,,301.9214285714285,26150.14285714286,1.9728571428571429,-296.56666666666666,8.733333333333333,-33.800000000000004,-296.56666666666666,1.1666666666666667,-34.86666666666667,1.0,,,,,,,,,,,0.0,0.0,0.0,0.0,0.0,0.0,0.0,0.0
2026-08-16 19:55:00+00:00,,,,,60.0,3.2800000000000002,-1.2014285714285715,2.8857142857142857,0.43142857142857144,7.438571428571429,111.59142857142857,-1.195714285714286,2.914285714285714,-0.19285714285714287,-3.6185714285714288,111.26285714285713,0.0,-9999.0,0.0,,300.07428571428574,27937.428571428572,2.2328571428571427,-296.225,8.925,-33.525,-296.225,1.5,-34.625,1.0,,,,,,,,,,,0.0,0.0,0.0,0.0,0.0,0.0,0.0,0.0
2026-08-16 20:00:00+00:00,,,,,60.0,3.427777777777778,-1.182222222222222,3.031111111111111,0.6033333333333333,10.076666666666666,110.15,-1.1733333333333333,3.0955555555555554,-0.03777777777777778,-0.8055555555555557,109.66,0.0,-9999.0,0.0,,300.1066666666667,24952.333333333332,1.9766666666666666,-295.525,9.45,-33.75,-295.525,2.1,-35.0,1.0,,,,,,,,,,,0.0,0.0,0.0,0.0,0.0,0.0,0.0,0.0
2026-08-16 20:05:00+00:00,,,,,60.0,3.451111111111111,-1.2000000000000002,3.0255555555555556,0.6922222222222223,11.566666666666666,110.34444444444445,-1.1922222222222223,3.108888888888889,0.060000000000000005,0.8388888888888889,109.71555555555557,0.0,-9999.0,0.0,,299.5733333333333,24835.88888888889,2.151111111111111,-295.1,9.4,-33.78,-295.1,2.08,-34.980000000000004,1.0,,,,,,,,,,,0.0,0.0,0.0,0.0,0.0,0.0,0.0,0.0
2026-08-16 20:10:00+00:00,,,,,60.0,3.48,-1.4388888888888889,2.8377777777777777,0.8211111111111111,13.525555555555556,115.14888888888888,-1.4311111111111112,2.95,0.2288888888888889,3.4455555555555555,114.16111111111111,0.0,-9999.0,0.0,,299.2357142857143,22156.14285714286,1.6614285714285713,-295.35,9.45,-33.900000000000006,-295.35,2.25,-35.099999999999994,1.0,,,,,,,,,,,0.0,0.0,0.0,0.0,0.0,0.0,0.0,0.0
2026-08-16 20:15:00+00:00,,,,,60.0,3.4274999999999998,-1.1025,3.01375,0.63375,10.5525,108.8125,-1.09625,3.085,0.0175,-0.0037499999999999756,108.20125,0.0,-9999.0,0.0,,298.76,23959.625,1.99,-295.2,9.675,-33.65,-295.2,2.5749999999999997,-34.95,1.0,,,,,,,,,,,0.0,0.0,0.0,0.0,0.0,0.0,0.0,0.0
2026-08-16 20:20:00+00:00,,,,,60.0,3.457,-1.4849999999999999,2.936,0.635,10.764,115.21799999999999,-1.475,3.011,0.047,0.742,114.603,0.0,-9999.0,0.0,,299.5788888888889,24218.444444444445,1.8399999999999999,-294.825,8.3,-33.75,-294.825,1.2249999999999999,-34.725,1.0,,,,,,,,,,,0.0,0.0,0.0,0.0,0.0,0.0,0.0,0.0
2026-08-16 20:25:00+00:00,,,,,60.0,3.4144444444444444,-1.47,2.851111111111111,0.7322222222222222,12.445555555555554,115.54111111111109,-1.4622222222222223,2.9444444444444446,0.1588888888888889,2.548888888888889,114.75111111111111,0.0,-9999.0,0.0,,298.395,24255.4,2.025,-294.91999999999996,8.6,-33.56,-294.91999999999996,1.7,-34.62,1.0,,,,,,,,,,,0.0,0.0,0.0,0.0,0.0,0.0,0.0,0.0
2026-08-16 20:30:00+00:00,,,,,60.0,3.3233333333333333,-1.67,2.7066666666666666,0.6955555555555555,12.307777777777778,120.33777777777777,-1.6611111111111112,2.7977777777777777,0.1611111111111111,2.7977777777777777,119.50666666666666,0.0,-9999.0,0.0,,297.79714285714283,23807.714285714286,1.932857142857143,-293.03333333333336,3.433333333333333,-32.199999999999996,-293.03333333333336,-3.0666666666666664,-32.199999999999996,1.0,,,,,,,,,,,0.0,0.0,0.0,0.0,0.0,0.0,0.0,0.0
2026-08-16 20:35:00+00:00,,,,,60.0,3.343,-1.83,2.686,0.617,10.908,123.316,-1.8210000000000002,2.763,0.095,1.7510000000000001,122.5,0.0,-9999.0,0.0,,298.21333333333337,23697.0,1.9377777777777778,-292.8,3.825,-32.95,-292.8,-2.75,-33.075,1.0,,,,,,,,,,,0.0,0.0,0.0,0.0,0.0,0.0,0.0,0.0
2026-08-16 20:40:00+00:00,,,,,60.0,3.3144444444444443,-1.6244444444444444,2.721111111111111,0.8,14.464444444444446,119.77333333333334,-1.6155555555555554,2.828888888888889,0.27222222222222225,5.026666666666667,118.78,0.0,-9999.0,0.0,,298.15,25252.11111111111,1.9711111111111113,-294.0,4.675,-32.95,-294.0,-1.85,-33.2,1.0,,,,,,,,,,,0.0,0.0,0.0,0.0,0.0,0.0,0.0,0.0
2026-08-16 20:45:00+00:00,,,,,60.0,3.31875,-1.625,2.7375,0.855,15.07,120.145,-1.61875,2.8537500000000002,0.32375,5.671250000000001,119.05375,0.0,-9999.0,0.0,,296.5057142857143,25081.285714285714,2.1042857142857145,-292.25,3.7,-32.225,-292.25,-2.6,-32.325,1.0,,,,,,,,,,,0.0,0.0,0.0,0.0,0.0,0.0,0.0,0.0
2026-08-16 20:50:00+00:00,,,,,60.0,3.4219999999999997,-1.795,2.619,1.106,19.134999999999998,123.251,-1.786,2.785,0.603,10.262,121.644,0.0,-9999.0,0.0,,296.6122222222222,23648.88888888889,1.9755555555555557,-292.57500000000005,4.975,-31.8,-292.57500000000005,-1.25,-32.175,1.0,,,,,,,,,,,0.0,0.0,0.0,0.0,0.0,0.0,0.0,0.0
2026-08-16 20:55:00+00:00,,,,,60.0,3.373333333333333,-1.79,2.5533333333333332,1.1633333333333333,19.917777777777776,124.29444444444445,-1.7811111111111113,2.727777777777778,0.6722222222222222,11.135555555555555,122.4688888888889,0.0,-9999.0,0.0,,295.6477777777778,22935.0,2.138888888888889,-293.075,4.1000000000000005,-31.849999999999998,-293.075,-2.075,-32.075,1.0,,,,,,,,,,,0.0,0.0,0.0,0.0,0.0,0.0,0.0,0.0
2026-08-16 21:00:00+00:00,,,,,60.0,3.4177777777777774,-1.9577777777777778,2.526666666666667,1.1733333333333333,19.85,127.3111111111111,-1.9500000000000002,2.701111111111111,0.6966666666666667,11.423333333333334,125.41000000000001,0.0,-9999.0,0.0,,297.29375,25229.625,2.0425,-292.625,3.35,-31.15,-292.625,-2.575,-31.225,1.0,,,,,,,,,,,0.0,0.0,0.0,0.0,0.0,0.0,0.0,0.0
2026-08-16 21:05:00+00:00,,,,,60.0,3.4770000000000003,-2.058,2.586,0.938,14.863,127.79,-2.049,2.716,0.45899999999999996,6.635,126.36399999999999,0.0,-9999.0,0.0,,295.336,25034.2,2.003,-293.1,5.04,-32.519999999999996,-293.1,-1.1199999999999999,-32.9,1.0,,,,,,,,,,,0.0,0.0,0.0,0.0,0.0,0.0,0.0,0.0
2026-08-16 21:10:00+00:00,,,,,60.0,3.3577777777777778,-1.9533333333333331,2.52,0.8355555555555555,13.29,127.05888888888889,-1.9466666666666665,2.6300000000000003,0.37,5.001111111111111,125.83555555555556,0.0,-9999.0,0.0,,297.56125,22747.25,1.87375,-295.0,5.233333333333333,-34.13333333333333,-295.0,-1.2333333333333334,-34.5,1.0,,,,,,,,,,,0.0,0.0,0.0,0.0,0.0,0.0,0.0,0.0
2026-08-16 21:15:00+00:00,,,,,60.0,3.2025,-1.93875,2.36875,0.7899999999999999,13.195,128.6875,-1.9325,2.47375,0.35500000000000004,5.115,127.495,0.0,-9999.0,0.0,,297.09833333333336,27505.833333333332,2.2266666666666666,-294.4,4.466666666666667,-32.699999999999996,-294.4,-1.6333333333333335,-32.93333333333334,1.0,,,,,,,,,,,0.0,0.0,0.0,0.0,0.0,0.0,0.0,0.0
2026-08-16 21:20:00+00:00,,,,,60.0,3.347,-2.185,2.352,0.6289999999999999,8.827,132.699,-2.176,2.428,0.209,1.3679999999999999,131.95,0.0,-9999.0,0.0,,297.7577777777778,29776.222222222223,2.238888888888889,-294.84000000000003,5.2,-34.46,-294.84000000000003,-1.2,-34.78,1.0,,,,,,,,,,,0.0,0.0,0.0,0.0,0.0,0.0,0.0,0.0
2026-08-16 21:25:00+00:00,,,,,60.0,3.2488888888888887,-2.2355555555555555,2.201111111111111,0.2933333333333333,2.5811111111111114,135.6588888888889,-2.2266666666666666,2.22,-0.09,-4.414444444444445,135.75,0.0,-9999.0,0.0,,297.3355555555556,27181.444444444445,2.1055555555555556,-294.675,4.65,-34.400000000000006,-294.675,-1.675,-34.65,1.0,,,,,,,,,,,0.0,0.0,0.0,0.0,0.0,0.0,0.0,0.0
2026-08-16 21:30:00+00:00,,,,,60.0,3.147777777777778,-2.2333333333333334,1.8699999999999999,-0.20111111111111113,-7.195555555555556,141.60888888888888,-2.2266666666666666,1.8044444444444443,-0.5166666666666667,-13.106666666666667,143.50222222222223,0.0,-9999.0,0.0,,299.3377777777778,32479.555555555555,1.9977777777777779,-295.825,5.25,-35.25,-295.825,-1.225,-35.6,1.0,,,,,,,,,,,0.0,0.0,0.0,0.0,0.0,0.0,0.0,0.0
2026-08-16 21:35:00+00:00,,,,,60.0,3.303,-2.554,1.8579999999999999,-0.266,-7.154999999999999,144.39100000000002,-2.5469999999999997,1.7890000000000001,-0.5740000000000001,-12.736999999999998,145.996,0.0,-9999.0,0.0,,299.56,27200.875,1.84375,-294.46666666666664,5.333333333333333,-36.06666666666667,-294.46666666666664,-1.2333333333333334,-36.46666666666667,1.0,,,,,,,,,,,0.0,0.0,0.0,0.0,0.0,0.0,0.0,0.0
2026-08-16 21:40:00+00:00,,,,,60.0,3.2311111111111113,-2.6322222222222225,1.5566666666666666,-0.61,-13.546666666666667,150.6977777777778,-2.626666666666667,1.4366666666666665,-0.8611111111111112,-18.09,153.35000000000002,0.0,-9999.0,0.0,,300.5877777777778,38342.555555555555,1.8955555555555559,-294.575,5.175,-35.975,-294.575,-1.35,-36.35,1.0,,,,,,,,,,,0.0,0.0,0.0,0.0,0.0,0.0,0.0,0.0
2026-08-16 21:45:00+00:00,,,,,60.0,3.2566666666666664,-2.661111111111111,0.7833333333333333,-1.5944444444444443,-29.071111111111108,162.28333333333333,-2.66,0.5133333333333333,-1.7111111111111112,-31.673333333333332,167.56666666666666,0.0,-9999.0,0.0,,302.18,40666.75,1.63125,-293.43333333333334,3.8000000000000003,-35.800000000000004,-293.43333333333334,-2.6333333333333333,-35.93333333333333,1.0,,,,,,,,,,,0.0,0.0,0.0,0.0,0.0,0.0,0.0,0.0
2026-08-16 21:50:00+00:00,,,,,60.0,3.2939999999999996,-2.675,1.267,-1.286,-23.584,152.973,-2.6710000000000003,1.0450000000000002,-1.487,-27.718,156.94099999999997,0.0,-9999.0,0.0,,300.505,45462.5,2.31125,-294.12,4.04,-35.980000000000004,-294.12,-2.4,-36.160000000000004,1.0,,,,,,,,,,,0.0,0.0,0.0,0.0,0.0,0.0,0.0,0.0
2026-08-16 21:55:00+00:00,,,,,60.0,3.2344444444444442,-2.801111111111111,1.3977777777777778,-0.6000000000000001,-12.26,153.63222222222223,-2.796666666666667,1.2833333333333334,-0.8233333333333334,-16.396666666666665,155.86444444444444,0.0,-9999.0,0.0,,300.3833333333333,37881.166666666664,1.7916666666666667,-293.6,3.85,-35.25,-293.6,-2.4000000000000004,-35.35,1.0,,,,,,,,,,,0.0,0.0,0.0,0.0,0.0,0.0,0.0,0.0
2026-08-16 22:00:00+00:00,,,,,60.0,3.2950000000000004,-2.659,1.7109999999999999,-0.47300000000000003,-10.302,146.824,-2.652,1.613,-0.751,-15.428999999999998,148.698,0.0,-9999.0,0.0,,299.4288888888889,41066.666666666664,1.9766666666666666,-293.45,3.85,-35.875,-293.45,-2.5,-35.974999999999994,1.0,,,,,,,,,,,0.0,0.0,0.0,0.0,0.0,0.0,0.0,0.0
2026-08-16 22:05:00+00:00,,,,,60.0,3.3020000000000005,-2.505,1.98,-0.6,-11.492,140.957,-2.498,1.861,-0.9199999999999999,-17.423000000000002,142.74200000000002,0.0,-9999.0,0.0,,300.53875,35298.625,1.92125,-293.53333333333336,2.9333333333333336,-34.9,-293.53333333333336,-3.1666666666666665,-34.86666666666667,1.0,,,,,,,,,,,0.0,0.0,0.0,0.0,0.0,0.0,0.0,0.0
2026-08-16 22:10:00+00:00,,,,,60.0,3.13,-2.2311111111111113,2.038888888888889,-0.28,-4.428888888888888,135.83888888888887,-2.2255555555555557,1.9744444444444444,-0.6211111111111111,-11.004444444444443,136.63777777777779,0.0,-9999.0,0.0,,301.7655555555555,39170.444444444445,2.1155555555555554,-295.65,5.75,-34.3,-295.65,-0.325,-34.775,1.0,,,,,,,,,,,0.0,0.0,0.0,0.0,0.0,0.0,0.0,0.0
2026-08-16 22:15:00+00:00,,,,,60.0,3.032857142857143,-2.0814285714285714,1.9257142857142857,-0.20285714285714287,-2.5342857142857143,135.08714285714285,-2.0814285714285714,1.8728571428571428,-0.53,-9.174285714285714,135.83,0.0,-9999.0,0.0,,301.6028571428572,33721.71428571428,1.74,-296.5,6.5,-33.5,-296.5,0.6,-34.15,1.0,,,,,,,,,,,0.0,0.0,0.0,0.0,0.0,0.0,0.0,0.0
2026-08-16 22:20:00+00:00,,,,,60.0,3.278,-2.323,1.8699999999999999,-0.238,-1.6309999999999996,139.45499999999998,-2.318,1.825,-0.547,-7.659000000000001,140.263,0.0,-9999.0,0.0,,301.24899999999997,40232.2,2.059,-294.94,4.68,-31.679999999999996,-294.94,-0.8800000000000001,-32.04,1.0,,,,,,,,,,,0.0,0.0,0.0,0.0,0.0,0.0,0.0,0.0
2026-08-16 22:25:00+00:00,,,,,60.0,3.2960000000000003,-2.516,2.024,-0.00899999999999999,0.3900000000000001,140.06199999999998,-2.511,2.009,-0.34400000000000003,-5.6659999999999995,140.264,0.0,-9999.0,0.0,,299.146,35300.1,2.0829999999999997,-292.46000000000004,2.7399999999999998,-32.88,-292.46000000000004,-3.0,-32.86,1.0,,,,,,,,,,,0.0,0.0,0.0,0.0,0.0,0.0,0.0,0.0
2026-08-16 22:30:00+00:00,,,,,60.0,3.34,-2.504,2.067,0.308,5.6530000000000005,138.754,-2.498,2.102,-0.04,-0.5890000000000001,138.308,0.0,-9999.0,0.0,,297.11875,33755.75,2.32875,-293.7,3.34,-32.18,-293.7,-2.3,-32.260000000000005,1.0,,,,,,,,,,,0.0,0.0,0.0,0.0,0.0,0.0,0.0,0.0
2026-08-16 22:35:00+00:00,,,,,60.0,3.19,-2.366,2.013,0.05600000000000001,0.04600000000000008,137.39600000000002,-2.359,2.002,-0.27799999999999997,-6.2909999999999995,137.537,0.0,-9999.0,0.0,,300.107,33116.3,2.275,-295.97999999999996,3.7600000000000002,-35.12,-295.97999999999996,-2.3600000000000003,-35.2,1.0,,,,,,,,,,,0.0,0.0,0.0,0.0,0.0,0.0,0.0,0.0
2026-08-16 22:40:00+00:00,,,,,60.0,3.0644444444444443,-2.25,1.9122222222222223,0.05000000000000001,-2.1133333333333333,137.34666666666666,-2.2444444444444445,1.8999999999999997,-0.2644444444444444,-8.527777777777779,137.80333333333334,0.0,-9999.0,0.0,,298.901,29367.4,2.25,-296.62,4.32,-38.44,-296.62,-2.38,-38.6,1.0,,,,,,,,,,,0.0,0.0,0.0,0.0,0.0,0.0,0.0,0.0
2026-08-16 22:45:00+00:00,,,,,60.0,3.0844444444444448,-2.1855555555555557,2.0044444444444443,0.548888888888889,8.754444444444445,134.33666666666667,-2.177777777777778,2.0733333333333333,0.21333333333333332,1.9544444444444444,133.4788888888889,0.0,-9999.0,0.0,,299.148,27038.6,2.254,-296.94,4.4399999999999995,-37.839999999999996,-296.94,-2.16,-38.0,1.0,,,,,,,,,,,0.0,0.0,0.0,0.0,0.0,0.0,0.0,0.0
2026-08-16 22:50:00+00:00,,,,,60.0,3.104,-2.1470000000000002,2.025,0.613,8.341,134.499,-2.1390000000000002,2.103,0.277,1.561,133.63799999999998,0.0,-9999.0,0.0,,298.99666666666667,26377.555555555555,2.3477777777777775,-296.14,4.2,-39.06,-296.14,-2.62,-39.220000000000006,1.0,,,,,,,,,,,0.0,0.0,0.0,0.0,0.0,0.0,0.0,0.0
2026-08-16 22:55:00+00:00,,,,,60.0,3.0655555555555556,-2.0644444444444443,2.0255555555555556,0.5255555555555556,5.912222222222223,133.36333333333334,-2.0566666666666666,2.0844444444444448,0.18888888888888888,-1.023333333333333,132.79666666666668,0.0,-9999.0,0.0,,299.1333333333333,25306.444444444445,2.5277777777777777,-295.56,3.8,-38.82,-295.56,-2.96,-38.88,1.0,,,,,,,,,,,0.0,0.0,0.0,0.0,0.0,0.0,0.0,0.0
2026-08-16 23:00:00+00:00,,,,,60.0,2.925,-1.975,1.9825,0.25875000000000004,1.5949999999999998,131.2675,-1.9675,1.9974999999999998,-0.07500000000000001,-5.54875,131.19375,0.0,-9999.0,0.0,,297.83299999999997,26796.7,2.431,-294.36,2.82,-38.64,-294.36,-3.9200000000000004,-38.56,1.0,,,,,,,,,,,0.0,0.0,0.0,0.0,0.0,0.0,0.0,0.0
2026-08-16 23:05:00+00:00,,,,,60.0,3.011,-2.0100000000000002,1.936,0.449,3.116,132.201,-2.004,1.986,0.12399999999999997,-3.877,131.73399999999998,0.0,-9999.0,0.0,,295.98777777777775,24920.11111111111,2.5244444444444443,-292.02,1.92,-39.2,-292.02,-4.92,-38.94,1.0,,,,,,,,,,,0.0,0.0,0.0,0.0,0.0,0.0,0.0,0.0
2026-08-16 23:10:00+00:00,,,,,60.0,2.7011111111111115,-1.8122222222222222,1.7644444444444443,-0.6055555555555556,-14.615555555555554,131.94111111111113,-1.8066666666666669,1.6477777777777778,-0.8866666666666667,-21.51111111111111,133.65555555555557,0.0,-9999.0,0.0,,298.0288888888889,24295.222222222223,2.207777777777778,-290.56,1.08,-38.86,-290.56,-5.66,-38.459999999999994,1.0,,,,,,,,,,,0.0,0.0,0.0,0.0,0.0,0.0,0.0,0.0
2026-08-16 23:15:00+00:00,,,,,60.0,2.763,-1.939,1.813,0.16899999999999998,0.6860000000000002,134.824,-1.934,1.8199999999999998,-0.129,-6.054,134.804,0.0,-9999.0,0.0,,297.722,20662.4,2.178,-289.41999999999996,0.45999999999999996,-37.82,-289.41999999999996,-6.1,-37.3,1.0,,,,,,,,,,,0.0,0.0,0.0,0.0,0.0,0.0,0.0,0.0
2026-08-16 23:20:00+00:00,,,,,60.0,2.726,-2.042,1.7,0.251,3.902,138.677,-2.036,1.723,-0.035,-2.431,138.333,0.0,-9999.0,0.0,,297.704,21072.1,2.198,-289.32,0.08,-36.38,-289.32,-6.26,-35.82,1.0,,,,,,,,,,,0.0,0.0,0.0,0.0,0.0,0.0,0.0,0.0
2026-08-16 23:25:00+00:00,,,,,60.0,2.6055555555555556,-1.8211111111111111,1.788888888888889,-0.04888888888888889,-2.1166666666666667,133.68,-1.8155555555555556,1.758888888888889,-0.34777777777777774,-9.05,134.08555555555554,0.0,-9999.0,0.0,,298.32666666666665,21225.444444444445,2.3055555555555554,-289.44,-0.020000000000000018,-36.02,-289.44,-6.34,-35.46,1.0,,,,,,,,,,,0.0,0.0,0.0,0.0,0.0,0.0,0.0,0.0
2026-08-16 23:30:00+00:00,,,,,60.0,2.6344444444444446,-1.7944444444444443,1.8277777777777777,-0.043333333333333335,-2.4055555555555554,132.27444444444444,-1.7877777777777777,1.798888888888889,-0.35111111111111115,-9.52,132.67,0.0,-9999.0,0.0,,298.07666666666665,20932.88888888889,2.2155555555555555,-289.86,-0.18,-35.6,-289.86,-6.44,-35.019999999999996,1.0,,,,,,,,,,,0.0,0.0,0.0,0.0,0.0,0.0,0.0,0.0
2026-08-16 23:35:00+00:00,,,,,60.0,2.661,-1.802,1.793,-0.23900000000000002,-7.542,131.916,-1.795,1.7309999999999999,-0.537,-14.616,132.79000000000002,0.0,-9999.0,0.0,,298.844,20033.8,2.368,-292.34000000000003,0.42000000000000004,-37.3,-292.34000000000003,-6.16,-36.78,1.0,,,,,,,,,,,0.0,0.0,0.0,0.0,0.0,0.0,0.0,0.0
2026-08-16 23:40:00+00:00,,,,,60.0,2.5266666666666664,-1.78,1.74,0.14,2.216666666666667,133.92777777777778,-1.7744444444444443,1.7444444444444445,-0.15777777777777777,-4.832222222222222,133.88888888888889,0.0,-9999.0,0.0,,296.0575,20961.75,2.5925000000000002,-290.32,-1.02,-36.38,-290.32,-7.4799999999999995,-35.64,1.0,,,,,,,,,,,0.0,0.0,0.0,0.0,0.0,0.0,0.0,0.0
2026-08-16 23:45:00+00:00,,,,,60.0,2.4,-1.825,1.499,-0.13,-4.869,139.928,-1.8199999999999998,1.462,-0.38,-11.107,140.878,0.0,-9999.0,0.0,,297.7966666666667,20870.88888888889,2.5233333333333334,-291.44,-0.42000000000000004,-36.339999999999996,-291.44,-6.9,-35.7,1.0,,,,,,,,,,,0.0,0.0,0.0,0.0,0.0,0.0,0.0,0.0
2026-08-16 23:50:00+00:00,,,,,60.0,2.513,-1.827,1.573,-0.227,-9.161,138.45499999999998,-1.8210000000000002,1.5150000000000001,-0.489,-15.59,140.081,0.0,-9999.0,0.0,,297.3,18576.0,2.6630000000000003,-291.67999999999995,-0.059999999999999984,-37.4,-291.67999999999995,-6.76,-36.78,1.0,,,,,,,,,,,0.0,0.0,0.0,0.0,0.0,0.0,0.0,0.0
2026-08-16 23:55:00+00:00,,,,,60.0,2.5488888888888885,-1.6855555555555555,1.76,-0.11333333333333334,-6.387777777777777,132.13222222222223,-1.6788888888888889,1.7155555555555557,-0.41333333333333333,-13.717777777777776,133.14888888888888,0.0,-9999.0,0.0,,296.91499999999996,20754.125,2.88125,-292.02,-0.07999999999999999,-37.4,-292.02,-6.82,-36.78,1.0,,,,,,,,,,,0.0,0.0,0.0,0.0,0.0,0.0,0.0,0.0
2026-08-17 00:00:00+00:00,,,,,60.0,2.6550000000000002,-1.653,1.832,0.04900000000000001,-2.2439999999999998,130.21099999999998,-1.6480000000000001,1.814,-0.267,-9.788,130.465,0.0,-9999.0,0.0,,298.617,18466.2,2.991,-292.56,-0.6,-37.68,-292.56,-7.42,-36.96,1.0,,,,,,,,,,,0.0,0.0,0.0,0.0,0.0,0.0,0.0,0.0
2026-08-17 00:05:00+00:00,,,,,60.0,2.62,-1.6940000000000002,1.77,-0.209,-8.108,132.669,-1.6869999999999998,1.706,-0.51,-15.410999999999998,134.039,0.0,-9999.0,0.0,,299.682,18616.0,3.082,-293.36,-0.3,-38.019999999999996,-293.36,-7.24,-37.32,1.0,,,,,,,,,,,0.0,0.0,0.0,0.0,0.0,0.0,0.0,0.0
2026-08-17 00:10:00+00:00,,,,,60.0,2.698,-1.6179999999999999,1.956,-0.41,-11.272,127.75900000000001,-1.61,1.8560000000000003,-0.744,-19.141,129.166,0.0,-9999.0,0.0,,300.51666666666665,20750.555555555555,3.285555555555556,-294.41999999999996,-0.38,-37.62,-294.41999999999996,-7.279999999999999,-36.92,1.0,,,,,,,,,,,0.0,0.0,0.0,0.0,0.0,0.0,0.0,0.0
2026-08-17 00:15:00+00:00,,,,,60.0,2.747,-1.6460000000000001,1.956,-0.8280000000000001,-20.104000000000003,128.522,-1.638,1.7879999999999998,-1.158,-27.927999999999997,131.262,0.0,-9999.0,0.0,,301.993,21488.6,3.2039999999999997,-295.65999999999997,0.9,-37.9,-295.65999999999997,-6.08,-37.42,1.0,,,,,,,,,,,0.0,0.0,0.0,0.0,0.0,0.0,0.0,0.0
2026-08-17 00:20:00+00:00,,,,,60.0,2.8440000000000003,-1.761,1.991,-0.381,-9.216,130.292,-1.7550000000000001,1.8980000000000001,-0.728,-16.838,131.974,0.0,-9999.0,0.0,,301.846,21869.3,3.179,-295.56000000000006,1.1,-36.94,-295.56000000000006,-5.8,-36.519999999999996,1.0,,,,,,,,,,,0.0,0.0,0.0,0.0,0.0,0.0,0.0,0.0
2026-08-17 00:25:00+00:00,,,,,60.0,2.891111111111111,-1.62,2.227777777777778,0.09444444444444444,2.0166666666666666,123.5,-1.6144444444444443,2.2155555555555555,-0.31555555555555553,-6.401111111111111,123.60666666666667,0.0,-9999.0,0.0,,302.33000000000004,22739.1,3.439,-296.8,1.6,-35.14,-296.8,-5.0200000000000005,-34.839999999999996,1.0,,,,,,,,,,,0.0,0.0,0.0,0.0,0.0,0.0,0.0,0.0
2026-08-17 00:30:00+00:00,,,,,60.0,2.90375,-1.47125,2.345,-0.3525,-6.57125,119.9125,-1.46625,2.25,-0.775,-15.44125,120.92500000000001,0.0,-9999.0,0.0,,303.65444444444444,27721.0,3.5233333333333334,-297.34000000000003,1.44,-35.739999999999995,-297.34000000000003,-5.36,-35.38,1.0,,,,,,,,,,,0.0,0.0,0.0,0.0,0.0,0.0,0.0,0.0
2026-08-17 00:35:00+00:00,,,,,60.0,2.96,-1.4,1.61,-1.276,-33.185,127.46700000000001,-1.394,1.3530000000000002,-1.5470000000000002,-39.046,158.971,0.0,-9999.0,0.0,,305.449,24863.7,3.3299999999999996,-299.6,3.08,-40.72,-299.6,-4.720000000000001,-40.54,1.0,,,,,,,,,,,0.0,0.0,0.0,0.0,0.0,0.0,0.0,0.0
2026-08-17 00:40:00+00:00,,,,,60.0,3.0211111111111113,-1.2111111111111112,1.0366666666666666,-0.9366666666666666,-37.55555555555556,148.29222222222222,-1.2066666666666666,0.84,-1.1011111111111112,-38.48,196.11666666666667,0.0,-9999.0,0.0,,303.9144444444444,22421.444444444445,3.4222222222222225,-298.8,1.9,-42.78,-298.8,-6.36,-42.32,1.0,,,,,,,,,,,0.0,0.0,0.0,0.0,0.0,0.0,0.0,0.0
